time,enrolled,available,waitlisted,total
2024-11-10T09:28:08,0,9999,0,9999
2024-11-10T10:00:13,0,9999,0,9999
2024-11-10T10:32:26,0,9999,0,9999
2024-11-10T11:04:24,0,9999,0,9999
2024-11-10T11:36:24,0,9999,0,9999
2024-11-10T12:08:31,0,9999,0,9999
2024-11-10T12:40:31,0,9999,0,9999
2024-11-10T13:12:30,0,9999,0,9999
2024-11-10T13:44:30,0,9999,0,9999
2024-11-10T14:16:39,0,9999,0,9999
2024-11-10T14:48:38,0,9999,0,9999
2024-11-10T15:20:40,0,9999,0,9999
2024-11-10T15:52:41,0,9999,0,9999
2024-11-10T16:24:49,0,9999,0,9999
2024-11-10T16:56:47,0,9999,0,9999
2024-11-10T17:28:45,0,9999,0,9999
2024-11-10T18:00:55,0,9999,0,9999
2024-11-10T18:32:53,0,9999,0,9999
2024-11-10T19:04:54,0,9999,0,9999
2024-11-10T19:37:05,0,9999,0,9999
2024-11-10T20:09:04,0,9999,0,9999
2024-11-10T20:41:01,0,9999,0,9999
2024-11-10T21:13:02,0,9999,0,9999
2024-11-10T21:45:11,0,9999,0,9999
2024-11-10T22:17:10,0,9999,0,9999
2024-11-10T22:49:11,0,9999,0,9999
2024-11-10T23:21:20,0,9999,0,9999
2024-11-10T23:53:18,0,9999,0,9999
2024-11-11T00:25:21,0,9999,0,9999
2024-11-11T00:57:28,0,9999,0,9999
2024-11-11T01:29:47,0,9999,0,9999
2024-11-11T02:01:49,0,9999,0,9999
2024-11-11T02:33:51,0,9999,0,9999
2024-11-11T03:05:51,0,9999,0,9999
2024-11-11T03:37:51,0,9999,0,9999
2024-11-11T04:33:32,0,9999,0,9999
2024-11-11T05:05:37,0,9999,0,9999
2024-11-11T05:37:43,0,9999,0,9999
2024-11-11T06:09:46,0,9999,0,9999
2024-11-11T06:41:48,0,9999,0,9999
2024-11-11T07:13:52,0,9999,0,9999
2024-11-11T07:45:58,0,9999,0,9999
2024-11-11T08:17:57,0,9999,0,9999
2024-11-11T08:49:54,0,9999,0,9999
2024-11-11T09:21:59,0,9999,0,9999
2024-11-11T09:53:56,0,9999,0,9999
2024-11-11T10:25:54,0,9999,0,9999
2024-11-11T10:57:51,0,9999,0,9999
2024-11-11T11:29:58,0,9999,0,9999
2024-11-11T12:01:54,0,9999,0,9999
2024-11-11T12:33:51,0,9999,0,9999
2024-11-11T13:05:56,0,9999,0,9999
2024-11-11T13:37:53,0,9999,0,9999
2024-11-11T14:09:52,0,9999,0,9999
2024-11-11T14:41:59,0,9999,0,9999
2024-11-11T15:13:56,0,9999,0,9999
2024-11-11T15:45:54,0,9999,0,9999
2024-11-11T16:18:02,0,9999,0,9999
2024-11-11T16:49:59,0,9999,0,9999
2024-11-11T17:22:06,0,9999,0,9999
2024-11-11T17:54:04,0,9999,0,9999
2024-11-11T18:26:00,0,9999,0,9999
2024-11-11T18:58:07,0,9999,0,9999
2024-11-11T19:30:04,0,9999,0,9999
2024-11-11T20:02:01,0,9999,0,9999
2024-11-11T20:34:08,0,9999,0,9999
2024-11-11T21:06:04,0,9999,0,9999
2024-11-11T21:38:12,0,9999,0,9999
2024-11-11T22:10:10,0,9999,0,9999
2024-11-11T22:42:17,0,9999,0,9999
2024-11-11T23:14:16,0,9999,0,9999
2024-11-11T23:46:24,0,9999,0,9999
2024-11-12T00:21:09,0,9999,0,9999
2024-11-12T00:53:24,0,9999,0,9999
2024-11-12T01:25:27,0,9999,0,9999
2024-11-12T01:57:40,0,9999,0,9999
2024-11-12T02:29:52,0,9999,0,9999
2024-11-12T03:01:53,0,9999,0,9999
2024-11-12T03:34:03,0,9999,0,9999
2024-11-12T04:06:05,0,9999,0,9999
2024-11-12T04:21:02,0,9999,0,9999
2024-11-12T04:53:51,0,9999,0,9999
2024-11-12T05:25:54,0,9999,0,9999
2024-11-12T05:57:58,0,9999,0,9999
2024-11-12T06:30:00,0,9999,0,9999
2024-11-12T07:02:02,0,9999,0,9999
2024-11-12T07:34:02,0,9999,0,9999
2024-11-12T08:06:09,0,9999,0,9999
2024-11-12T08:38:10,0,9999,0,9999
2024-11-12T09:10:12,1,9998,0,9999
2024-11-12T09:42:26,2,9997,0,9999
2024-11-12T10:14:39,2,9997,0,9999
2024-11-12T10:46:52,2,9997,0,9999
2024-11-12T11:19:09,2,9997,0,9999
2024-11-12T11:51:22,2,9997,0,9999
2024-11-12T12:23:36,2,9997,0,9999
2024-11-12T12:55:50,2,9997,0,9999
2024-11-12T13:28:10,2,9997,0,9999
2024-11-12T14:00:25,2,9997,0,9999
2024-11-12T14:32:51,2,9997,0,9999
2024-11-12T15:05:05,2,9997,0,9999
2024-11-12T15:37:21,2,9997,0,9999
2024-11-12T16:09:37,2,9997,0,9999
2024-11-12T16:41:48,2,9997,0,9999
2024-11-12T17:13:51,2,9997,0,9999
2024-11-12T17:46:04,2,9997,0,9999
2024-11-12T18:18:15,2,9997,0,9999
2024-11-12T18:50:26,2,9997,0,9999
2024-11-12T19:22:26,2,9997,0,9999
2024-11-12T19:54:37,2,9997,0,9999
2024-11-12T20:26:51,2,9997,0,9999
2024-11-12T20:58:54,2,9997,0,9999
2024-11-12T21:31:07,2,9997,0,9999
2024-11-12T22:03:19,2,9997,0,9999
2024-11-12T22:35:32,2,9997,0,9999
2024-11-12T23:07:33,2,9997,0,9999
2024-11-12T23:39:46,2,9997,0,9999
2024-11-13T00:11:49,2,9997,0,9999
2024-11-13T00:44:12,2,9997,0,9999
2024-11-13T01:16:22,2,9997,0,9999
2024-11-13T01:48:30,2,9997,0,9999
2024-11-13T02:20:46,2,9997,0,9999
2024-11-13T02:52:54,2,9997,0,9999
2024-11-13T03:25:12,2,9997,0,9999
2024-11-13T03:57:17,2,9997,0,9999
2024-11-13T09:38:08,2,9997,0,9999
2024-11-13T10:10:23,2,9997,0,9999
2024-11-13T10:42:34,2,9997,0,9999
2024-11-13T11:14:45,2,9997,0,9999
2024-11-13T11:46:59,2,9997,0,9999
2024-11-13T12:19:21,2,9997,0,9999
2024-11-13T12:51:32,2,9997,0,9999
2024-11-13T13:23:42,2,9997,0,9999
2024-11-13T13:55:54,2,9997,0,9999
2024-11-13T14:28:07,2,9997,0,9999
2024-11-13T15:00:23,2,9997,0,9999
2024-11-13T15:32:39,2,9997,0,9999
2024-11-13T16:04:53,2,9997,0,9999
2024-11-13T16:37:06,2,9997,0,9999
2024-11-13T17:09:19,2,9997,0,9999
2024-11-13T17:41:31,2,9997,0,9999
2024-11-13T18:13:45,2,9997,0,9999
2024-11-13T18:45:47,2,9997,0,9999
2024-11-13T19:17:59,2,9997,0,9999
2024-11-13T19:50:12,2,9997,0,9999
2024-11-13T20:22:23,2,9997,0,9999
2024-11-13T20:54:25,2,9997,0,9999
2024-11-13T21:27:01,2,9997,0,9999
2024-11-13T21:59:41,2,9997,0,9999
2024-11-13T22:31:43,2,9997,0,9999
2024-11-13T23:03:57,2,9997,0,9999
2024-11-13T23:35:58,2,9997,0,9999
2024-11-14T00:08:11,2,9997,0,9999
2024-11-14T00:40:19,2,9997,0,9999
2024-11-14T01:12:35,2,9997,0,9999
2024-11-14T01:44:41,2,9997,0,9999
2024-11-14T02:16:55,2,9997,0,9999
2024-11-14T02:49:00,2,9997,0,9999
2024-11-14T03:21:14,2,9997,0,9999
2024-11-14T03:53:17,2,9997,0,9999
2024-11-14T07:00:50,2,9997,0,9999
2024-11-14T07:32:57,2,9997,0,9999
2024-11-14T08:05:09,2,9997,0,9999
2024-11-14T08:37:12,2,9997,0,9999
2024-11-14T09:09:16,2,9997,0,9999
2024-11-14T09:41:33,2,9997,0,9999
2024-11-14T10:13:45,2,9997,0,9999
2024-11-14T10:45:49,2,9997,0,9999
2024-11-14T11:18:06,2,9997,0,9999
2024-11-14T11:50:24,2,9997,0,9999
2024-11-14T12:22:44,2,9997,0,9999
2024-11-14T12:55:01,2,9997,0,9999
2024-11-14T13:27:19,2,9997,0,9999
2024-11-14T13:59:34,2,9997,0,9999
2024-11-14T14:31:53,2,9997,0,9999
2024-11-14T15:04:19,2,9997,0,9999
2024-11-14T15:36:36,2,9997,0,9999
2024-11-14T16:08:51,2,9997,0,9999
2024-11-14T16:41:06,2,9997,0,9999
2024-11-14T17:13:27,2,9997,0,9999
2024-11-14T17:45:43,2,9997,0,9999
2024-11-14T18:17:58,2,9997,0,9999
2024-11-14T18:50:03,2,9997,0,9999
2024-11-14T19:22:20,2,9997,0,9999
2024-11-14T19:54:36,2,9997,0,9999
2024-11-14T20:26:51,2,9997,0,9999
2024-11-14T20:58:55,2,9997,0,9999
2024-11-14T21:31:13,2,9997,0,9999
2024-11-14T22:03:19,2,9997,0,9999
2024-11-14T22:35:35,2,9997,0,9999
2024-11-14T23:07:43,2,9997,0,9999
2024-11-14T23:39:58,2,9997,0,9999
2024-11-15T00:12:03,2,9997,0,9999
2024-11-15T00:44:22,2,9997,0,9999
2024-11-15T01:16:32,2,9997,0,9999
2024-11-15T01:48:40,2,9997,0,9999
2024-11-15T02:20:55,2,9997,0,9999
2024-11-15T02:53:12,2,9997,0,9999
2024-11-15T03:25:19,2,9997,0,9999
2024-11-15T03:57:26,2,9997,0,9999
2024-11-15T04:22:17,2,9997,0,9999
2024-11-15T04:56:02,2,9997,0,9999
2024-11-15T05:28:12,2,9997,0,9999
2024-11-15T06:00:22,2,9997,0,9999
2024-11-15T06:32:28,2,9997,0,9999
2024-11-15T07:04:39,2,9997,0,9999
2024-11-15T07:36:45,2,9997,0,9999
2024-11-15T08:08:57,2,9997,0,9999
2024-11-15T08:41:01,2,9997,0,9999
2024-11-15T09:13:06,2,9997,0,9999
2024-11-15T09:45:21,2,9997,0,9999
2024-11-15T10:17:28,2,9997,0,9999
2024-11-15T10:49:45,2,9997,0,9999
2024-11-15T11:22:07,2,9997,0,9999
2024-11-15T11:54:24,2,9997,0,9999
2024-11-15T12:26:41,2,9997,0,9999
2024-11-15T12:58:57,2,9997,0,9999
2024-11-15T13:31:16,2,9997,0,9999
2024-11-15T14:03:23,2,9997,0,9999
2024-11-15T14:35:54,2,9997,0,9999
2024-11-15T15:08:03,2,9997,0,9999
2024-11-15T15:40:18,2,9997,0,9999
2024-11-15T16:12:35,2,9997,0,9999
2024-11-15T16:44:54,2,9997,0,9999
2024-11-15T17:17:11,2,9997,0,9999
2024-11-15T17:49:19,2,9997,0,9999
2024-11-15T18:21:38,2,9997,0,9999
2024-11-15T18:53:59,2,9997,0,9999
2024-11-15T19:26:15,2,9997,0,9999
2024-11-15T19:58:22,2,9997,0,9999
2024-11-15T20:30:40,2,9997,0,9999
2024-11-15T21:02:48,2,9997,0,9999
2024-11-15T21:35:04,2,9997,0,9999
2024-11-15T22:07:12,2,9997,0,9999
2024-11-15T22:39:27,2,9997,0,9999
2024-11-15T23:11:33,2,9997,0,9999
2024-11-15T23:43:48,2,9997,0,9999
2024-11-16T00:15:56,2,9997,0,9999
2024-11-16T00:48:07,2,9997,0,9999
2024-11-16T01:20:26,2,9997,0,9999
2024-11-16T01:52:36,2,9997,0,9999
2024-11-16T02:24:44,2,9997,0,9999
2024-11-16T02:56:50,2,9997,0,9999
2024-11-16T03:29:05,2,9997,0,9999
2024-11-16T04:01:12,2,9997,0,9999
2024-11-16T04:27:20,2,9997,0,9999
2024-11-16T05:01:18,2,9997,0,9999
2024-11-16T05:33:29,2,9997,0,9999
2024-11-16T06:05:38,2,9997,0,9999
2024-11-16T06:37:45,2,9997,0,9999
2024-11-16T07:09:54,2,9997,0,9999
2024-11-16T07:42:12,2,9997,0,9999
2024-11-16T08:14:19,2,9997,0,9999
2024-11-16T08:46:27,2,9997,0,9999
2024-11-16T09:18:36,2,9997,0,9999
2024-11-16T09:50:55,2,9997,0,9999
2024-11-16T10:23:11,2,9997,0,9999
2024-11-16T10:55:21,2,9997,0,9999
2024-11-16T11:27:38,2,9997,0,9999
2024-11-16T11:59:47,2,9997,0,9999
2024-11-16T12:32:05,2,9997,0,9999
2024-11-16T13:04:19,2,9997,0,9999
2024-11-16T13:36:29,2,9997,0,9999
2024-11-16T14:08:44,2,9997,0,9999
2024-11-16T14:41:02,2,9997,0,9999
2024-11-16T15:13:18,2,9997,0,9999
2024-11-16T15:45:27,2,9997,0,9999
2024-11-16T16:17:46,2,9997,0,9999
2024-11-16T16:50:05,2,9997,0,9999
2024-11-16T17:22:13,2,9997,0,9999
2024-11-16T17:54:29,2,9997,0,9999
2024-11-16T18:26:44,2,9997,0,9999
2024-11-16T18:58:54,2,9997,0,9999
2024-11-16T19:31:10,2,9997,0,9999
2024-11-16T20:03:14,2,9997,0,9999
2024-11-16T20:35:27,2,9997,0,9999
2024-11-16T21:07:32,2,9997,0,9999
2024-11-16T21:39:45,2,9997,0,9999
2024-11-16T22:11:53,2,9997,0,9999
2024-11-16T22:43:57,2,9997,0,9999
2024-11-16T23:16:11,2,9997,0,9999
2024-11-16T23:48:18,2,9997,0,9999
2024-11-17T00:20:24,2,9997,0,9999
2024-11-17T04:31:08,2,9997,0,9999
2024-11-17T05:04:55,2,9997,0,9999
2024-11-17T05:37:11,2,9997,0,9999
2024-11-17T06:09:19,2,9997,0,9999
2024-11-17T06:41:28,2,9997,0,9999
2024-11-17T07:13:35,2,9997,0,9999
2024-11-17T07:45:41,2,9997,0,9999
2024-11-17T08:17:47,2,9997,0,9999
2024-11-17T08:49:54,2,9997,0,9999
2024-11-17T09:22:00,2,9997,0,9999
2024-11-17T09:54:22,2,9997,0,9999
2024-11-17T10:26:28,2,9997,0,9999
2024-11-17T10:58:35,2,9997,0,9999
2024-11-17T11:30:43,2,9997,0,9999
2024-11-17T12:02:58,2,9997,0,9999
2024-11-17T12:35:03,2,9997,0,9999
2024-11-17T13:07:08,2,9997,0,9999
2024-11-17T13:39:19,2,9997,0,9999
2024-11-17T14:11:26,2,9997,0,9999
2024-11-17T14:43:46,2,9997,0,9999
2024-11-17T15:15:50,2,9997,0,9999
2024-11-17T15:47:55,2,9997,0,9999
2024-11-17T16:20:01,2,9997,0,9999
2024-11-17T16:52:17,2,9997,0,9999
2024-11-17T17:24:31,2,9997,0,9999
2024-11-17T17:56:34,2,9997,0,9999
2024-11-17T18:28:39,2,9997,0,9999
2024-11-17T19:01:00,2,9997,0,9999
2024-11-17T19:33:06,2,9997,0,9999
2024-11-17T20:05:19,2,9997,0,9999
2024-11-17T20:37:24,2,9997,0,9999
2024-11-17T21:09:29,2,9997,0,9999
2024-11-17T21:41:44,2,9997,0,9999
2024-11-17T22:13:51,2,9997,0,9999
2024-11-17T22:46:02,2,9997,0,9999
2024-11-17T23:18:07,2,9997,0,9999
2024-11-17T23:50:12,2,9997,0,9999
2024-11-18T00:22:25,2,9997,0,9999
2024-11-18T00:54:43,2,9997,0,9999
2024-11-18T01:26:54,2,9997,0,9999
2024-11-18T01:59:04,2,9997,0,9999
2024-11-18T02:31:14,2,9997,0,9999
2024-11-18T03:03:22,2,9997,0,9999
2024-11-18T03:35:39,2,9997,0,9999
2024-11-18T04:07:48,2,9997,0,9999
2024-11-18T04:23:36,2,9997,0,9999
2024-11-18T04:56:13,2,9997,0,9999
2024-11-18T05:28:25,2,9997,0,9999
2024-11-18T06:00:37,2,9997,0,9999
2024-11-18T06:32:46,2,9997,0,9999
2024-11-18T07:04:55,2,9997,0,9999
2024-11-18T07:37:03,2,9997,0,9999
2024-11-18T08:09:18,2,9997,0,9999
2024-11-18T08:41:23,2,9997,0,9999
2024-11-18T09:13:29,2,9997,0,9999
2024-11-18T09:45:34,2,9997,0,9999
2024-11-18T10:17:49,2,9997,0,9999
2024-11-18T10:49:53,2,9997,0,9999
2024-11-18T11:22:21,2,9997,0,9999
2024-11-18T11:54:38,2,9997,0,9999
2024-11-18T12:26:44,2,9997,0,9999
2024-11-18T12:59:01,2,9997,0,9999
2024-11-18T13:31:17,2,9997,0,9999
2024-11-18T14:03:24,2,9997,0,9999
2024-11-18T14:35:43,2,9997,0,9999
2024-11-18T15:07:59,2,9997,0,9999
2024-11-18T15:40:06,2,9997,0,9999
2024-11-18T16:12:27,2,9997,0,9999
2024-11-18T16:44:37,2,9997,0,9999
2024-11-18T17:16:57,2,9997,0,9999
2024-11-18T17:49:06,2,9997,0,9999
2024-11-18T18:21:24,2,9997,0,9999
2024-11-18T18:53:48,2,9997,0,9999
2024-11-18T19:25:56,2,9997,0,9999
2024-11-18T19:58:05,2,9997,0,9999
2024-11-18T20:30:37,2,9997,0,9999
2024-11-18T21:02:56,2,9997,0,9999
2024-11-18T21:35:15,2,9997,0,9999
2024-11-18T22:07:24,2,9997,0,9999
2024-11-18T22:39:33,2,9997,0,9999
2024-11-18T23:11:52,2,9997,0,9999
2024-11-18T23:44:01,2,9997,0,9999
2024-11-19T00:18:42,2,9997,0,9999
2024-11-19T00:51:26,2,9997,0,9999
2024-11-19T01:23:41,2,9997,0,9999
2024-11-19T01:55:57,2,9997,0,9999
2024-11-19T02:28:21,2,9997,0,9999
2024-11-19T03:00:52,2,9997,0,9999
2024-11-19T03:33:06,2,9997,0,9999
2024-11-19T04:05:21,2,9997,0,9999
2024-11-19T15:51:40,2,9997,0,9999
2024-11-19T16:24:26,2,9997,0,9999
2024-11-19T16:56:54,2,9997,0,9999
2024-11-19T17:29:23,2,9997,0,9999
2024-11-19T18:01:41,2,9997,0,9999
2024-11-19T18:34:07,2,9997,0,9999
2024-11-19T19:06:32,2,9997,0,9999
2024-11-19T19:38:47,2,9997,0,9999
2024-11-19T20:11:15,2,9997,0,9999
2024-11-19T20:43:44,2,9997,0,9999
2024-11-19T21:16:06,2,9997,0,9999
2024-11-19T21:48:34,2,9997,0,9999
2024-11-19T22:20:51,2,9997,0,9999
2024-11-19T22:53:07,2,9997,0,9999
2024-11-19T23:25:36,2,9997,0,9999
2024-11-19T23:57:52,2,9997,0,9999
2024-11-20T00:30:12,2,9997,0,9999
2024-11-20T01:02:46,2,9997,0,9999
2024-11-20T01:35:08,2,9997,0,9999
2024-11-20T02:07:30,2,9997,0,9999
2024-11-20T02:39:51,2,9997,0,9999
2024-11-20T03:12:22,2,9997,0,9999
2024-11-20T03:44:40,2,9997,0,9999
2024-11-20T04:19:21,2,9997,0,9999
2024-11-20T04:34:52,2,9997,0,9999
2024-11-20T05:07:41,2,9997,0,9999
2024-11-20T05:40:06,2,9997,0,9999
2024-11-20T06:12:31,2,9997,0,9999
2024-11-20T06:44:54,2,9997,0,9999
2024-11-20T07:17:19,2,9997,0,9999
2024-11-20T07:49:37,2,9997,0,9999
2024-11-20T08:22:04,2,9997,0,9999
2024-11-20T08:54:23,2,9997,0,9999
2024-11-20T09:26:40,2,9997,0,9999
2024-11-20T09:59:06,2,9997,0,9999
2024-11-20T10:31:23,2,9997,0,9999
2024-11-20T11:03:52,2,9997,0,9999
2024-11-20T11:36:24,2,9997,0,9999
2024-11-20T12:08:51,2,9997,0,9999
2024-11-20T12:41:18,2,9997,0,9999
2024-11-20T13:13:35,2,9997,0,9999
2024-11-20T13:46:03,2,9997,0,9999
2024-11-20T14:18:33,2,9997,0,9999
2024-11-20T14:51:02,2,9997,0,9999
2024-11-20T15:23:22,2,9997,0,9999
2024-11-20T15:55:50,2,9997,0,9999
2024-11-20T16:28:20,2,9997,0,9999
2024-11-20T17:00:40,2,9997,0,9999
2024-11-20T17:33:12,2,9997,0,9999
2024-11-20T18:05:45,2,9997,0,9999
2024-11-20T18:38:03,2,9997,0,9999
2024-11-20T19:10:33,2,9997,0,9999
2024-11-20T19:42:53,2,9997,0,9999
2024-11-20T20:15:23,2,9997,0,9999
2024-11-20T20:47:54,2,9997,0,9999
2024-11-20T21:20:13,2,9997,0,9999
2024-11-20T21:52:47,2,9997,0,9999
2024-11-20T22:25:06,2,9997,0,9999
2024-11-20T22:57:35,2,9997,0,9999
2024-11-20T23:29:55,2,9997,0,9999
2024-11-21T00:02:15,2,9997,0,9999
2024-11-21T00:34:55,2,9997,0,9999
2024-11-21T01:07:20,2,9997,0,9999
2024-11-21T01:39:44,2,9997,0,9999
2024-11-21T02:12:21,2,9997,0,9999
2024-11-21T02:44:45,2,9997,0,9999
2024-11-21T03:17:09,2,9997,0,9999
2024-11-21T03:49:41,2,9997,0,9999
2024-11-21T04:27:10,2,9997,0,9999
2024-11-21T04:59:36,2,9997,0,9999
2024-11-21T05:32:02,2,9997,0,9999
2024-11-21T06:04:26,2,9997,0,9999
2024-11-21T06:36:51,2,9997,0,9999
2024-11-21T07:09:17,2,9997,0,9999
2024-11-21T07:41:50,2,9997,0,9999
2024-11-21T08:14:12,2,9997,0,9999
2024-11-21T08:46:34,2,9997,0,9999
2024-11-21T09:19:03,2,9997,0,9999
2024-11-21T09:51:23,2,9997,0,9999
2024-11-21T10:23:56,2,9997,0,9999
2024-11-21T10:56:17,2,9997,0,9999
2024-11-21T11:28:54,2,9997,0,9999
2024-11-21T12:01:25,2,9997,0,9999
2024-11-21T12:33:56,2,9997,0,9999
2024-11-21T13:06:25,2,9997,0,9999
2024-11-21T13:38:56,2,9997,0,9999
2024-11-21T14:11:19,2,9997,0,9999
2024-11-21T14:43:55,2,9997,0,9999
2024-11-21T15:16:31,2,9997,0,9999
2024-11-21T15:49:07,2,9997,0,9999
2024-11-21T16:21:38,2,9997,0,9999
2024-11-21T16:54:13,2,9997,0,9999
2024-11-21T17:26:38,2,9997,0,9999
2024-11-21T17:59:11,2,9997,0,9999
2024-11-21T18:31:43,2,9997,0,9999
2024-11-21T19:04:06,2,9997,0,9999
2024-11-22T04:33:15,2,9997,0,9999
2024-11-22T05:06:12,2,9997,0,9999
2024-11-22T05:38:44,2,9997,0,9999
2024-11-22T06:11:13,2,9997,0,9999
2024-11-22T06:43:41,2,9997,0,9999
2024-11-22T07:16:15,2,9997,0,9999
2024-11-22T07:48:42,2,9997,0,9999
2024-11-22T08:21:09,2,9997,0,9999
2024-11-22T08:53:42,2,9997,0,9999
2024-11-22T09:26:07,2,9997,0,9999
2024-11-22T09:58:30,2,9997,0,9999
2024-11-22T10:31:03,2,9997,0,9999
2024-11-22T11:03:38,2,9997,0,9999
2024-11-22T11:36:08,2,9997,0,9999
2024-11-22T12:08:47,2,9997,0,9999
2024-11-22T12:41:12,2,9997,0,9999
2024-11-22T13:13:46,2,9997,0,9999
2024-11-22T13:46:20,2,9997,0,9999
2024-11-22T14:18:55,2,9997,0,9999
2024-11-22T14:51:33,2,9997,0,9999
2024-11-22T15:24:01,2,9997,0,9999
2024-11-22T15:56:36,2,9997,0,9999
2024-11-22T16:29:13,2,9997,0,9999
2024-11-22T17:01:48,2,9997,0,9999
2024-11-22T17:34:16,2,9997,0,9999
2024-11-22T18:06:58,2,9997,0,9999
2024-11-22T18:39:38,2,9997,0,9999
2024-11-22T19:12:06,2,9997,0,9999
2024-11-22T19:44:43,2,9997,0,9999
2024-11-22T20:17:12,2,9997,0,9999
2024-11-22T20:49:52,2,9997,0,9999
2024-11-22T21:22:18,2,9997,0,9999
2024-11-22T21:54:58,2,9997,0,9999
2024-11-22T22:27:26,2,9997,0,9999
2024-11-22T23:00:08,2,9997,0,9999
2024-11-22T23:32:35,2,9997,0,9999
2024-11-23T00:05:02,2,9997,0,9999
2024-11-23T00:37:53,2,9997,0,9999
2024-11-23T01:10:25,2,9997,0,9999
2024-11-23T01:42:56,2,9997,0,9999
2024-11-23T02:15:37,2,9997,0,9999
2024-11-23T02:48:06,2,9997,0,9999
2024-11-23T03:20:34,2,9997,0,9999
2024-11-23T03:53:03,2,9997,0,9999
2024-11-23T04:26:14,2,9997,0,9999
2024-11-23T05:00:31,2,9997,0,9999
2024-11-23T05:33:05,2,9997,0,9999
2024-11-23T06:05:38,2,9997,0,9999
2024-11-23T06:38:12,2,9997,0,9999
2024-11-23T07:10:46,2,9997,0,9999
2024-11-23T07:43:24,2,9997,0,9999
2024-11-23T08:15:55,2,9997,0,9999
2024-11-23T08:48:25,2,9997,0,9999
2024-11-23T09:20:55,2,9997,0,9999
2024-11-23T09:53:36,2,9997,0,9999
2024-11-23T10:26:05,2,9997,0,9999
2024-11-23T10:58:47,2,9997,0,9999
2024-11-23T11:31:27,2,9997,0,9999
2024-11-23T12:04:01,2,9997,0,9999
2024-11-23T12:36:39,2,9997,0,9999
2024-11-23T13:09:10,2,9997,0,9999
2024-11-23T13:41:49,2,9997,0,9999
2024-11-23T14:14:29,2,9997,0,9999
2024-11-23T14:47:01,2,9997,0,9999
2024-11-23T15:19:38,2,9997,0,9999
2024-11-23T15:52:17,2,9997,0,9999
2024-11-23T16:24:46,2,9997,0,9999
2024-11-23T16:57:26,2,9997,0,9999
2024-11-23T17:29:57,2,9997,0,9999
2024-11-23T18:02:37,2,9997,0,9999
2024-11-23T18:35:15,2,9997,0,9999
2024-11-23T19:07:45,2,9997,0,9999
2024-11-23T19:40:25,2,9997,0,9999
2024-11-23T20:12:51,2,9997,0,9999
2024-11-23T20:45:29,2,9997,0,9999
2024-11-23T21:17:56,2,9997,0,9999
2024-11-23T21:50:26,2,9997,0,9999
2024-11-23T22:23:04,2,9997,0,9999
2024-11-23T22:55:31,2,9997,0,9999
2024-11-23T23:27:58,2,9997,0,9999
2024-11-24T00:00:36,2,9997,0,9999
2024-11-24T00:33:07,2,9997,0,9999
2024-11-24T01:05:35,2,9997,0,9999
2024-11-24T01:38:02,2,9997,0,9999
2024-11-24T02:10:32,2,9997,0,9999
2024-11-24T02:43:10,2,9997,0,9999
2024-11-24T03:15:37,2,9997,0,9999
2024-11-24T03:48:43,2,9997,0,9999
2024-11-24T04:30:16,2,9997,0,9999
2024-11-24T05:03:19,2,9997,0,9999
2024-11-24T05:35:58,2,9997,0,9999
2024-11-24T06:08:33,2,9997,0,9999
2024-11-24T06:41:07,2,9997,0,9999
2024-11-24T07:13:41,2,9997,0,9999
2024-11-24T07:46:15,2,9997,0,9999
2024-11-24T08:18:51,2,9997,0,9999
2024-11-24T08:51:21,2,9997,0,9999
2024-11-24T09:23:58,2,9997,0,9999
2024-11-24T09:56:26,2,9997,0,9999
2024-11-24T10:28:55,2,9997,0,9999
2024-11-24T11:01:24,2,9997,0,9999
2024-11-24T11:33:54,2,9997,0,9999
2024-11-24T12:06:31,2,9997,0,9999
2024-11-24T12:38:59,2,9997,0,9999
2024-11-24T13:11:27,2,9997,0,9999
2024-11-24T13:43:55,2,9997,0,9999
2024-11-24T14:16:31,2,9997,0,9999
2024-11-24T14:49:01,2,9997,0,9999
2024-11-24T15:21:31,2,9997,0,9999
2024-11-24T15:54:29,2,9997,0,9999
2024-11-24T16:27:05,2,9997,0,9999
2024-11-24T16:59:35,2,9997,0,9999
2024-11-24T17:32:04,2,9997,0,9999
2024-11-24T18:04:41,2,9997,0,9999
2024-11-24T18:37:10,2,9997,0,9999
2024-11-24T19:09:41,2,9997,0,9999
2024-11-24T19:42:19,2,9997,0,9999
2024-11-24T20:14:45,2,9997,0,9999
2024-11-24T20:47:15,2,9997,0,9999
2024-11-24T21:19:53,2,9997,0,9999
2024-11-24T21:52:21,2,9997,0,9999
2024-11-24T22:24:48,2,9997,0,9999
2024-11-25T04:24:46,2,9997,0,9999
2024-11-25T04:57:42,2,9997,0,9999
2024-11-25T05:30:11,2,9997,0,9999
2024-11-25T06:02:42,2,9997,0,9999
2024-11-25T06:35:12,2,9997,0,9999
2024-11-25T07:07:41,2,9997,0,9999
2024-11-25T07:40:09,2,9997,0,9999
2024-11-25T08:12:37,2,9997,0,9999
2024-11-25T08:45:18,2,9997,0,9999
2024-11-25T09:17:47,2,9997,0,9999
2024-11-25T09:50:15,2,9997,0,9999
2024-11-25T10:22:53,2,9997,0,9999
2024-11-25T10:55:20,2,9997,0,9999
2024-11-25T11:27:48,2,9997,0,9999
2024-11-25T12:00:27,2,9997,0,9999
2024-11-25T12:33:05,2,9997,0,9999
2024-11-25T13:05:34,2,9997,0,9999
2024-11-25T13:38:02,2,9997,0,9999
2024-11-25T14:10:39,2,9997,0,9999
2024-11-25T14:43:18,2,9997,0,9999
2024-11-25T15:15:46,2,9997,0,9999
2024-11-25T15:48:26,2,9997,0,9999
2024-11-25T16:20:56,2,9997,0,9999
2024-11-25T16:53:35,2,9997,0,9999
2024-11-25T17:26:04,2,9997,0,9999
2024-11-25T17:58:32,2,9997,0,9999
2024-11-25T18:31:10,2,9997,0,9999
2024-11-25T19:03:38,2,9997,0,9999
2024-11-25T19:36:08,2,9997,0,9999
2024-11-25T20:08:47,2,9997,0,9999
2024-11-25T20:41:14,2,9997,0,9999
2024-11-25T21:13:42,2,9997,0,9999
2024-11-25T21:46:22,2,9997,0,9999
2024-11-25T22:18:50,2,9997,0,9999
2024-11-25T22:51:18,2,9997,0,9999
2024-11-25T23:23:56,2,9997,0,9999
2024-11-25T23:56:27,2,9997,0,9999
2024-11-26T00:29:00,2,9997,0,9999
2024-11-26T01:01:34,2,9997,0,9999
2024-11-26T01:34:06,2,9997,0,9999
2024-11-26T02:06:38,2,9997,0,9999
2024-11-26T02:39:20,2,9997,0,9999
2024-11-26T03:11:51,2,9997,0,9999
2024-11-26T03:44:21,2,9997,0,9999
2024-11-26T04:19:24,2,9997,0,9999
2024-11-26T04:33:11,2,9997,0,9999
2024-11-26T05:06:10,2,9997,0,9999
2024-11-26T05:38:44,2,9997,0,9999
2024-11-26T06:11:15,2,9997,0,9999
2024-11-26T06:43:46,2,9997,0,9999
2024-11-26T07:16:18,2,9997,0,9999
2024-11-26T07:48:50,2,9997,0,9999
2024-11-26T08:21:27,2,9997,0,9999
2024-11-26T08:53:57,2,9997,0,9999
2024-11-26T09:26:26,2,9997,0,9999
2024-11-26T09:58:55,2,9997,0,9999
2024-11-26T10:31:38,2,9997,0,9999
2024-11-26T11:04:09,2,9997,0,9999
2024-11-26T11:36:41,2,9997,0,9999
2024-11-26T12:09:21,2,9997,0,9999
2024-11-26T12:41:49,2,9997,0,9999
2024-11-26T13:14:30,2,9997,0,9999
2024-11-26T13:47:00,2,9997,0,9999
2024-11-26T14:19:29,2,9997,0,9999
2024-11-26T14:52:12,2,9997,0,9999
2024-11-26T15:24:42,2,9997,0,9999
2024-11-26T15:57:22,2,9997,0,9999
2024-11-26T16:29:53,2,9997,0,9999
2024-11-26T17:02:33,2,9997,0,9999
2024-11-26T17:35:03,2,9997,0,9999
2024-11-26T18:07:34,2,9997,0,9999
2024-11-26T18:40:04,2,9997,0,9999
2024-11-26T19:12:45,2,9997,0,9999
2024-11-26T19:45:15,2,9997,0,9999
2024-11-26T20:17:45,2,9997,0,9999
2024-11-26T20:50:16,2,9997,0,9999
2024-11-26T21:22:58,2,9997,0,9999
2024-11-26T21:55:29,2,9997,0,9999
2024-11-26T22:27:58,2,9997,0,9999
2024-11-26T23:00:28,2,9997,0,9999
2024-11-26T23:33:00,2,9997,0,9999
2024-11-27T00:05:43,2,9997,0,9999
2024-11-27T00:38:19,2,9997,0,9999
2024-11-27T01:10:55,2,9997,0,9999
2024-11-27T01:43:31,2,9997,0,9999
2024-11-27T02:16:09,2,9997,0,9999
2024-11-27T02:48:48,2,9997,0,9999
2024-11-27T03:21:23,2,9997,0,9999
2024-11-27T03:53:55,2,9997,0,9999
2024-11-27T04:23:05,2,9997,0,9999
2024-11-27T04:55:42,2,9997,0,9999
2024-11-27T05:29:57,2,9997,0,9999
2024-11-27T06:02:34,2,9997,0,9999
2024-11-27T06:35:07,2,9997,0,9999
2024-11-27T07:07:43,2,9997,0,9999
2024-11-27T07:40:17,2,9997,0,9999
2024-11-27T08:12:57,2,9997,0,9999
2024-11-27T08:45:29,2,9997,0,9999
2024-11-27T09:18:00,2,9997,0,9999
2024-11-27T09:50:33,2,9997,0,9999
2024-11-27T10:23:06,2,9997,0,9999
2024-11-27T10:55:47,2,9997,0,9999
2024-11-27T11:28:22,2,9997,0,9999
2024-11-27T12:00:52,2,9997,0,9999
2024-11-27T12:33:35,2,9997,0,9999
2024-11-27T13:06:06,2,9997,0,9999
2024-11-27T13:38:37,2,9997,0,9999
2024-11-27T14:11:21,2,9997,0,9999
2024-11-27T14:43:55,2,9997,0,9999
2024-11-27T15:16:30,2,9997,0,9999
2024-11-27T15:49:12,2,9997,0,9999
2024-11-27T16:21:45,2,9997,0,9999
2024-11-27T16:54:21,2,9997,0,9999
2024-11-27T17:26:56,2,9997,0,9999
2024-11-27T17:59:40,2,9997,0,9999
2024-11-27T18:32:13,2,9997,0,9999
2024-11-27T19:04:48,2,9997,0,9999
2024-11-27T19:37:21,2,9997,0,9999
2024-11-27T20:10:05,2,9997,0,9999
2024-11-27T20:42:38,2,9997,0,9999
2024-11-27T21:15:12,2,9997,0,9999
2024-11-27T21:47:47,2,9997,0,9999
2024-11-27T22:20:20,2,9997,0,9999
2024-11-27T22:53:03,2,9997,0,9999
2024-11-27T23:25:38,2,9997,0,9999
2024-11-27T23:58:12,2,9997,0,9999
2024-11-28T00:30:53,2,9997,0,9999
2024-11-28T01:03:32,2,9997,0,9999
2024-11-28T01:36:19,2,9997,0,9999
2024-11-28T02:09:02,2,9997,0,9999
2024-11-28T02:41:40,2,9997,0,9999
2024-11-28T03:14:16,2,9997,0,9999
2024-11-28T03:46:52,2,9997,0,9999
2024-11-28T04:26:45,2,9997,0,9999
2024-11-28T04:59:47,2,9997,0,9999
2024-11-28T05:32:44,2,9997,0,9999
2024-11-28T06:05:24,2,9997,0,9999
2024-11-28T06:38:01,2,9997,0,9999
2024-11-28T07:10:41,2,9997,0,9999
2024-11-28T07:43:17,2,9997,0,9999
2024-11-28T08:16:03,2,9997,0,9999
2024-11-28T08:48:40,2,9997,0,9999
2024-11-28T09:21:17,2,9997,0,9999
2024-11-28T09:53:53,2,9997,0,9999
2024-11-28T10:26:29,2,9997,0,9999
2024-11-28T10:59:05,2,9997,0,9999
2024-11-28T11:31:40,2,9997,0,9999
2024-11-28T12:04:15,2,9997,0,9999
2024-11-28T12:36:59,2,9997,0,9999
2024-11-28T13:09:33,2,9997,0,9999
2024-11-28T13:42:08,2,9997,0,9999
2024-11-28T14:14:40,2,9997,0,9999
2024-11-28T14:47:17,2,9997,0,9999
2024-11-28T15:19:59,2,9997,0,9999
2024-11-28T15:52:32,2,9997,0,9999
2024-11-28T16:25:05,2,9997,0,9999
2024-11-28T16:57:39,2,9997,0,9999
2024-11-28T17:30:13,2,9997,0,9999
2024-11-28T18:02:47,2,9997,0,9999
2024-11-28T18:35:28,2,9997,0,9999
2024-11-28T19:08:01,2,9997,0,9999
2024-11-28T19:40:34,2,9997,0,9999
2024-11-28T20:13:08,2,9997,0,9999
2024-11-28T20:45:41,2,9997,0,9999
2024-11-28T21:18:15,2,9997,0,9999
2024-11-28T21:51:01,2,9997,0,9999
2024-11-28T22:23:36,2,9997,0,9999
2024-11-28T22:56:10,2,9997,0,9999
2024-11-28T23:28:44,2,9997,0,9999
2024-11-29T00:01:20,2,9997,0,9999
2024-11-29T00:34:03,2,9997,0,9999
2024-11-29T01:06:51,2,9997,0,9999
2024-11-29T01:39:25,2,9997,0,9999
2024-11-29T02:12:02,2,9997,0,9999
2024-11-29T02:44:40,2,9997,0,9999
2024-11-29T03:17:17,2,9997,0,9999
2024-11-29T03:49:53,2,9997,0,9999
2024-11-29T04:20:35,2,9997,0,9999
2024-11-29T04:54:49,2,9997,0,9999
2024-11-29T05:27:29,2,9997,0,9999
2024-11-29T06:00:11,2,9997,0,9999
2024-11-29T06:32:48,2,9997,0,9999
2024-11-29T07:05:29,2,9997,0,9999
2024-11-29T07:38:10,2,9997,0,9999
2024-11-29T08:10:47,2,9997,0,9999
2024-11-29T08:43:21,2,9997,0,9999
2024-11-29T09:16:05,2,9997,0,9999
2024-11-29T09:48:38,2,9997,0,9999
2024-11-29T10:21:12,2,9997,0,9999
2024-11-29T10:53:45,2,9997,0,9999
2024-11-29T11:26:22,2,9997,0,9999
2024-11-29T11:58:55,2,9997,0,9999
2024-11-29T12:31:31,2,9997,0,9999
2024-11-29T13:04:13,2,9997,0,9999
2024-11-29T13:36:47,2,9997,0,9999
2024-11-29T14:11:39,2,9997,0,9999
2024-11-29T14:46:59,2,9997,0,9999
2024-11-29T15:19:41,2,9997,0,9999
2024-11-29T15:52:16,2,9997,0,9999
2024-11-29T16:24:50,2,9997,0,9999
2024-11-29T16:57:23,2,9997,0,9999
2024-11-29T17:29:57,2,9997,0,9999
2024-11-29T18:02:31,2,9997,0,9999
2024-11-29T18:35:13,2,9997,0,9999
2024-11-29T19:07:46,2,9997,0,9999
2024-11-29T19:40:19,2,9997,0,9999
2024-11-29T20:12:52,2,9997,0,9999
2024-11-29T20:45:26,2,9997,0,9999
2024-11-29T21:18:10,2,9997,0,9999
2024-11-29T21:50:44,2,9997,0,9999
2024-11-29T22:23:19,2,9997,0,9999
2024-11-29T22:55:53,2,9997,0,9999
2024-11-29T23:28:38,2,9997,0,9999
2024-11-30T00:01:13,2,9997,0,9999
2024-11-30T00:33:52,2,9997,0,9999
2024-11-30T01:06:29,2,9997,0,9999
2024-11-30T01:39:08,2,9997,0,9999
2024-11-30T02:11:47,2,9997,0,9999
2024-11-30T02:44:25,2,9997,0,9999
2024-11-30T03:17:10,2,9997,0,9999
2024-11-30T03:49:46,2,9997,0,9999
2024-11-30T04:28:41,2,9997,0,9999
2024-11-30T05:01:19,2,9997,0,9999
2024-11-30T05:35:43,2,9997,0,9999
2024-11-30T06:08:17,2,9997,0,9999
2024-11-30T06:40:50,2,9997,0,9999
2024-11-30T07:13:23,2,9997,0,9999
2024-11-30T07:45:56,2,9997,0,9999
2024-11-30T08:18:30,2,9997,0,9999
2024-11-30T08:51:13,2,9997,0,9999
2024-11-30T09:23:46,2,9997,0,9999
2024-11-30T09:56:20,2,9997,0,9999
2024-11-30T10:28:53,2,9997,0,9999
2024-11-30T11:01:26,2,9997,0,9999
2024-11-30T11:34:15,2,9997,0,9999
2024-11-30T12:06:48,2,9997,0,9999
2024-11-30T12:39:20,2,9997,0,9999
2024-11-30T13:11:54,2,9997,0,9999
2024-11-30T13:44:33,2,9997,0,9999
2024-11-30T14:17:06,2,9997,0,9999
2024-11-30T14:49:39,2,9997,0,9999
2024-11-30T15:22:11,2,9997,0,9999
2024-11-30T15:55:00,2,9997,0,9999
2024-11-30T16:27:32,2,9997,0,9999
2024-11-30T17:00:06,2,9997,0,9999
2024-11-30T17:32:39,2,9997,0,9999
2024-11-30T18:05:12,2,9997,0,9999
2024-11-30T18:37:55,2,9997,0,9999
2024-11-30T19:10:27,2,9997,0,9999
2024-11-30T19:42:59,2,9997,0,9999
2024-11-30T20:15:31,2,9997,0,9999
2024-11-30T20:48:18,2,9997,0,9999
2024-11-30T21:20:51,2,9997,0,9999
2024-11-30T21:53:26,2,9997,0,9999
2024-11-30T22:26:01,2,9997,0,9999
2024-11-30T22:58:33,2,9997,0,9999
2024-11-30T23:31:16,2,9997,0,9999
2024-12-01T00:03:50,2,9997,0,9999
2024-12-01T00:36:37,2,9997,0,9999
2024-12-01T01:09:12,2,9997,0,9999
2024-12-01T01:41:47,2,9997,0,9999
2024-12-01T02:14:27,2,9997,0,9999
2024-12-01T02:47:17,2,9997,0,9999
2024-12-01T03:19:53,2,9997,0,9999
2024-12-01T03:52:30,2,9997,0,9999
2024-12-01T04:22:58,2,9997,0,9999
2024-12-01T04:55:55,2,9997,0,9999
2024-12-01T05:28:32,2,9997,0,9999
2024-12-01T06:01:11,2,9997,0,9999
2024-12-01T06:33:48,2,9997,0,9999
2024-12-01T07:06:23,2,9997,0,9999
2024-12-01T07:39:00,2,9997,0,9999
2024-12-01T08:11:35,2,9997,0,9999
2024-12-01T08:44:22,2,9997,0,9999
2024-12-01T09:17:00,2,9997,0,9999
2024-12-01T09:49:37,2,9997,0,9999
2024-12-01T10:22:14,2,9997,0,9999
2024-12-01T10:54:51,2,9997,0,9999
2024-12-01T11:27:34,2,9997,0,9999
2024-12-01T12:00:07,2,9997,0,9999
2024-12-01T12:32:39,2,9997,0,9999
2024-12-01T13:05:12,2,9997,0,9999
2024-12-01T13:37:45,2,9997,0,9999
2024-12-01T14:10:27,2,9997,0,9999
2024-12-01T14:43:00,2,9997,0,9999
2024-12-01T15:15:33,2,9997,0,9999
2024-12-01T15:48:05,2,9997,0,9999
2024-12-01T16:20:49,2,9997,0,9999
2024-12-01T16:53:24,2,9997,0,9999
2024-12-01T17:25:57,2,9997,0,9999
2024-12-01T17:58:29,2,9997,0,9999
2024-12-01T18:31:11,2,9997,0,9999
2024-12-01T19:03:45,2,9997,0,9999
2024-12-01T19:36:18,2,9997,0,9999
2024-12-01T20:08:51,2,9997,0,9999
2024-12-01T20:41:33,2,9997,0,9999
2024-12-01T21:14:05,2,9997,0,9999
2024-12-01T21:46:40,2,9997,0,9999
2024-12-01T22:19:12,2,9997,0,9999
2024-12-01T22:51:55,2,9997,0,9999
2024-12-01T23:24:28,2,9997,0,9999
2024-12-01T23:57:00,2,9997,0,9999
2024-12-02T00:29:50,2,9997,0,9999
2024-12-02T01:02:37,2,9997,0,9999
2024-12-02T01:35:13,2,9997,0,9999
2024-12-02T02:07:56,2,9997,0,9999
2024-12-02T02:40:39,2,9997,0,9999
2024-12-02T03:13:17,2,9997,0,9999
2024-12-02T03:45:53,2,9997,0,9999
2024-12-02T04:28:13,2,9997,0,9999
2024-12-02T05:02:24,2,9997,0,9999
2024-12-02T05:35:07,2,9997,0,9999
2024-12-02T06:07:45,2,9997,0,9999
2024-12-02T06:40:22,2,9997,0,9999
2024-12-02T07:12:57,2,9997,0,9999
2024-12-02T07:45:32,2,9997,0,9999
2024-12-02T08:18:15,2,9997,0,9999
2024-12-02T08:50:48,2,9997,0,9999
2024-12-02T09:23:28,2,9997,0,9999
2024-12-02T09:56:02,2,9997,0,9999
2024-12-02T10:28:52,2,9997,0,9999
2024-12-02T11:01:36,2,9997,0,9999
2024-12-02T11:34:11,2,9997,0,9999
2024-12-02T12:07:04,2,9997,0,9999
2024-12-02T12:39:39,2,9997,0,9999
2024-12-02T13:12:32,2,9997,0,9999
2024-12-02T13:45:06,2,9997,0,9999
2024-12-02T14:17:54,2,9997,0,9999
2024-12-02T14:50:39,2,9997,0,9999
2024-12-02T15:23:32,2,9997,0,9999
2024-12-02T15:56:07,2,9997,0,9999
2024-12-02T16:28:53,2,9997,0,9999
2024-12-02T17:01:27,2,9997,0,9999
2024-12-02T17:34:22,2,9997,0,9999
2024-12-02T18:06:57,2,9997,0,9999
2024-12-02T18:39:42,2,9997,0,9999
2024-12-02T19:12:22,2,9997,0,9999
2024-12-02T19:44:57,2,9997,0,9999
2024-12-02T20:17:50,2,9997,0,9999
2024-12-02T20:50:24,2,9997,0,9999
2024-12-02T21:23:00,2,9997,0,9999
2024-12-02T21:55:44,2,9997,0,9999
2024-12-02T22:28:21,2,9997,0,9999
2024-12-02T23:00:56,2,9997,0,9999
2024-12-02T23:33:50,2,9997,0,9999
2024-12-03T00:06:26,2,9997,0,9999
2024-12-03T00:39:09,2,9997,0,9999
2024-12-03T01:11:49,2,9997,0,9999
2024-12-03T01:44:37,2,9997,0,9999
2024-12-03T02:17:28,2,9997,0,9999
2024-12-03T02:50:06,2,9997,0,9999
2024-12-03T03:22:45,2,9997,0,9999
2024-12-03T03:55:24,2,9997,0,9999
2024-12-03T04:24:09,2,9997,0,9999
2024-12-03T04:58:27,2,9997,0,9999
2024-12-03T05:31:04,2,9997,0,9999
2024-12-03T06:03:42,2,9997,0,9999
2024-12-03T06:36:21,2,9997,0,9999
2024-12-03T07:09:00,2,9997,0,9999
2024-12-03T07:41:38,2,9997,0,9999
2024-12-03T08:14:15,2,9997,0,9999
2024-12-03T08:57:12,2,9997,0,9999
2024-12-03T09:29:49,2,9997,0,9999
2024-12-03T10:02:26,2,9997,0,9999
2024-12-03T10:35:14,2,9997,0,9999
2024-12-03T11:07:56,2,9997,0,9999
2024-12-03T11:40:49,2,9997,0,9999
2024-12-03T12:13:55,2,9997,0,9999
2024-12-03T12:47:10,2,9997,0,9999
2024-12-03T13:35:19,2,9997,0,9999
2024-12-03T14:08:24,2,9997,0,9999
2024-12-03T14:41:51,2,9997,0,9999
2024-12-03T15:15:11,2,9997,0,9999
2024-12-03T15:48:28,2,9997,0,9999
2024-12-03T16:21:35,2,9997,0,9999
2024-12-03T16:54:54,2,9997,0,9999
2024-12-03T17:28:11,2,9997,0,9999
2024-12-03T18:01:17,2,9997,0,9999
2024-12-03T18:34:33,2,9997,0,9999
2024-12-03T19:07:37,2,9997,0,9999
2024-12-03T19:40:59,2,9997,0,9999
2024-12-03T20:14:03,2,9997,0,9999
2024-12-03T20:47:19,2,9997,0,9999
2024-12-03T21:20:24,2,9997,0,9999
2024-12-03T21:53:29,2,9997,0,9999
2024-12-03T22:26:44,2,9997,0,9999
2024-12-03T22:59:50,2,9997,0,9999
2024-12-03T23:33:08,2,9997,0,9999
2024-12-04T00:06:19,2,9997,0,9999
2024-12-04T00:39:52,2,9997,0,9999
2024-12-04T01:13:04,2,9997,0,9999
2024-12-04T01:46:15,2,9997,0,9999
2024-12-04T02:19:46,2,9997,0,9999
2024-12-04T02:52:54,2,9997,0,9999
2024-12-04T03:26:05,2,9997,0,9999
2024-12-04T03:59:17,2,9997,0,9999
2024-12-04T04:31:51,2,9997,0,9999
2024-12-04T05:05:27,2,9997,0,9999
2024-12-04T05:40:19,2,9997,0,9999
2024-12-04T06:13:32,2,9997,0,9999
2024-12-04T06:46:41,2,9997,0,9999
2024-12-04T07:19:53,2,9997,0,9999
2024-12-04T07:53:00,2,9997,0,9999
2024-12-04T08:26:14,2,9997,0,9999
2024-12-04T08:59:20,2,9997,0,9999
2024-12-04T09:32:27,2,9997,0,9999
2024-12-04T10:05:33,2,9997,0,9999
2024-12-04T10:38:48,2,9997,0,9999
2024-12-04T11:11:54,2,9997,0,9999
2024-12-04T11:45:11,2,9997,0,9999
2024-12-04T12:18:17,2,9997,0,9999
2024-12-04T12:51:32,2,9997,0,9999
2024-12-04T13:24:37,2,9997,0,9999
2024-12-04T13:57:53,2,9997,0,9999
2024-12-04T14:30:58,2,9997,0,9999
2024-12-04T15:04:14,2,9997,0,9999
2024-12-04T15:37:21,2,9997,0,9999
2024-12-04T16:10:38,2,9997,0,9999
2024-12-04T16:43:43,2,9997,0,9999
2024-12-04T17:16:50,2,9997,0,9999
2024-12-04T17:50:08,2,9997,0,9999
2024-12-04T18:23:14,2,9997,0,9999
2024-12-04T18:56:31,2,9997,0,9999
2024-12-04T19:29:37,2,9997,0,9999
2024-12-04T20:02:52,2,9997,0,9999
2024-12-04T20:35:56,2,9997,0,9999
2024-12-04T21:09:01,2,9997,0,9999
2024-12-04T21:42:17,2,9997,0,9999
2024-12-04T22:15:23,2,9997,0,9999
2024-12-04T22:48:28,2,9997,0,9999
2024-12-04T23:21:44,2,9997,0,9999
2024-12-04T23:54:49,2,9997,0,9999
2024-12-05T01:01:44,2,9997,0,9999
2024-12-05T02:03:21,2,9997,0,9999
2024-12-05T02:57:34,2,9997,0,9999
2024-12-05T03:31:04,2,9997,0,9999
2024-12-05T04:04:26,2,9997,0,9999
2024-12-05T05:05:43,2,9997,0,9999
2024-12-05T05:49:14,2,9997,0,9999
2024-12-05T06:22:24,2,9997,0,9999
2024-12-05T06:55:33,2,9997,0,9999
2024-12-05T07:28:43,2,9997,0,9999
2024-12-05T08:01:52,2,9997,0,9999
2024-12-05T08:35:00,2,9997,0,9999
2024-12-05T09:08:16,2,9997,0,9999
2024-12-05T09:41:21,2,9997,0,9999
2024-12-05T10:14:27,2,9997,0,9999
2024-12-05T10:47:35,2,9997,0,9999
2024-12-05T11:20:56,2,9997,0,9999
2024-12-05T11:54:01,2,9997,0,9999
2024-12-05T12:27:17,2,9997,0,9999
2024-12-05T13:00:24,2,9997,0,9999
2024-12-05T13:33:41,2,9997,0,9999
2024-12-05T14:06:46,2,9997,0,9999
2024-12-05T14:40:03,2,9997,0,9999
2024-12-05T15:13:13,2,9997,0,9999
2024-12-05T15:46:33,2,9997,0,9999
2024-12-05T16:19:41,2,9997,0,9999
2024-12-05T16:53:02,2,9997,0,9999
2024-12-05T17:26:12,2,9997,0,9999
2024-12-05T17:59:21,2,9997,0,9999
2024-12-05T18:32:41,2,9997,0,9999
2024-12-05T19:05:51,2,9997,0,9999
2024-12-05T19:39:00,2,9997,0,9999
2024-12-05T20:12:20,2,9997,0,9999
2024-12-05T20:45:29,2,9997,0,9999
2024-12-05T21:18:39,2,9997,0,9999
2024-12-05T21:51:49,2,9997,0,9999
2024-12-05T22:25:09,2,9997,0,9999
2024-12-05T22:58:18,2,9997,0,9999
2024-12-05T23:31:28,2,9997,0,9999
2024-12-06T00:04:41,2,9997,0,9999
2024-12-06T00:38:07,2,9997,0,9999
2024-12-06T01:11:21,2,9997,0,9999
2024-12-06T01:44:35,2,9997,0,9999
2024-12-06T02:17:53,2,9997,0,9999
2024-12-06T02:51:16,2,9997,0,9999
2024-12-06T03:24:29,2,9997,0,9999
2024-12-06T03:57:40,2,9997,0,9999
2024-12-06T04:31:25,2,9997,0,9999
2024-12-06T05:05:02,2,9997,0,9999
2024-12-06T05:38:21,2,9997,0,9999
2024-12-06T06:11:35,2,9997,0,9999
2024-12-06T06:44:48,2,9997,0,9999
2024-12-06T07:18:07,2,9997,0,9999
2024-12-06T07:51:21,2,9997,0,9999
2024-12-06T08:24:43,2,9997,0,9999
2024-12-06T08:57:54,2,9997,0,9999
2024-12-06T09:31:05,2,9997,0,9999
2024-12-06T10:04:15,2,9997,0,9999
2024-12-06T10:37:36,2,9997,0,9999
2024-12-06T11:10:47,2,9997,0,9999
2024-12-06T11:44:12,2,9997,0,9999
2024-12-06T12:17:24,2,9997,0,9999
2024-12-06T12:50:45,2,9997,0,9999
2024-12-06T13:23:57,2,9997,0,9999
2024-12-06T13:57:07,2,9997,0,9999
2024-12-06T14:30:33,2,9997,0,9999
2024-12-06T15:03:47,2,9997,0,9999
2024-12-06T15:37:12,2,9997,0,9999
2024-12-06T16:10:23,2,9997,0,9999
2024-12-06T16:43:35,2,9997,0,9999
2024-12-06T17:16:57,2,9997,0,9999
2024-12-06T17:50:08,2,9997,0,9999
2024-12-06T18:23:30,2,9997,0,9999
2024-12-06T18:56:43,2,9997,0,9999
2024-12-06T19:29:56,2,9997,0,9999
2024-12-06T20:03:19,2,9997,0,9999
2024-12-06T20:36:29,2,9997,0,9999
2024-12-06T21:09:49,2,9997,0,9999
2024-12-06T21:43:03,2,9997,0,9999
2024-12-06T22:16:14,2,9997,0,9999
2024-12-06T22:49:35,2,9997,0,9999
2024-12-06T23:22:46,2,9997,0,9999
2024-12-06T23:55:56,2,9997,0,9999
2024-12-07T00:50:50,2,9997,0,9999
2024-12-07T01:29:26,2,9997,0,9999
2024-12-07T02:08:04,2,9997,0,9999
2024-12-07T03:04:20,2,9997,0,9999
2024-12-07T03:40:17,2,9997,0,9999
2024-12-07T04:13:43,2,9997,0,9999
2024-12-07T04:56:54,2,9997,0,9999
2024-12-07T05:49:05,2,9997,0,9999
2024-12-07T06:22:29,2,9997,0,9999
2024-12-07T06:55:43,2,9997,0,9999
2024-12-07T07:29:02,2,9997,0,9999
2024-12-07T08:02:26,2,9997,0,9999
2024-12-07T08:35:42,2,9997,0,9999
2024-12-07T09:08:57,2,9997,0,9999
2024-12-07T09:42:12,2,9997,0,9999
2024-12-07T10:15:34,2,9997,0,9999
2024-12-07T10:48:49,2,9997,0,9999
2024-12-07T11:22:02,2,9997,0,9999
2024-12-07T11:55:23,2,9997,0,9999
2024-12-07T12:28:36,2,9997,0,9999
2024-12-07T13:01:49,2,9997,0,9999
2024-12-07T13:35:10,2,9997,0,9999
2024-12-07T14:08:22,2,9997,0,9999
2024-12-07T14:41:34,2,9997,0,9999
2024-12-07T15:14:53,2,9997,0,9999
2024-12-07T15:48:03,2,9997,0,9999
2024-12-07T16:21:14,2,9997,0,9999
2024-12-07T16:54:34,2,9997,0,9999
2024-12-07T17:27:46,2,9997,0,9999
2024-12-07T18:00:57,2,9997,0,9999
2024-12-07T18:34:08,2,9997,0,9999
2024-12-07T19:07:28,2,9997,0,9999
2024-12-07T19:40:38,2,9997,0,9999
2024-12-07T20:13:49,2,9997,0,9999
2024-12-07T20:47:00,2,9997,0,9999
2024-12-07T21:20:20,2,9997,0,9999
2024-12-07T21:53:31,2,9997,0,9999
2024-12-07T22:26:42,2,9997,0,9999
2024-12-07T22:59:52,2,9997,0,9999
2024-12-07T23:33:11,2,9997,0,9999
2024-12-08T00:06:22,2,9997,0,9999
2024-12-08T00:39:36,2,9997,0,9999
2024-12-08T01:12:50,2,9997,0,9999
2024-12-08T01:46:01,2,9997,0,9999
2024-12-08T02:19:13,2,9997,0,9999
2024-12-08T02:52:34,2,9997,0,9999
2024-12-08T03:25:54,2,9997,0,9999
2024-12-08T03:59:50,2,9997,0,9999
2024-12-08T04:31:43,2,9997,0,9999
2024-12-08T05:05:24,2,9997,0,9999
2024-12-08T05:38:46,2,9997,0,9999
2024-12-08T06:12:01,2,9997,0,9999
2024-12-08T06:45:17,2,9997,0,9999
2024-12-08T07:18:33,2,9997,0,9999
2024-12-08T07:51:52,2,9997,0,9999
2024-12-08T08:25:39,2,9997,0,9999
2024-12-08T08:58:53,2,9997,0,9999
2024-12-08T09:32:06,2,9997,0,9999
2024-12-08T10:05:23,2,9997,0,9999
2024-12-08T10:38:40,2,9997,0,9999
2024-12-08T11:11:55,2,9997,0,9999
2024-12-08T11:45:16,2,9997,0,9999
2024-12-08T12:18:26,2,9997,0,9999
2024-12-08T12:51:36,2,9997,0,9999
2024-12-08T13:24:55,2,9997,0,9999
2024-12-08T13:58:05,2,9997,0,9999
2024-12-08T14:31:18,2,9997,0,9999
2024-12-08T15:04:38,2,9997,0,9999
2024-12-08T15:37:50,2,9997,0,9999
2024-12-08T16:11:00,2,9997,0,9999
2024-12-08T16:44:22,2,9997,0,9999
2024-12-08T17:17:33,2,9997,0,9999
2024-12-08T17:50:42,2,9997,0,9999
2024-12-08T18:23:54,2,9997,0,9999
2024-12-08T18:57:15,2,9997,0,9999
2024-12-08T19:30:28,2,9997,0,9999
2024-12-08T20:03:46,2,9997,0,9999
2024-12-08T20:36:57,2,9997,0,9999
2024-12-08T21:10:10,2,9997,0,9999
2024-12-08T21:43:22,2,9997,0,9999
2024-12-08T22:16:43,2,9997,0,9999
2024-12-08T22:49:54,2,9997,0,9999
2024-12-08T23:23:06,2,9997,0,9999
2024-12-08T23:56:20,2,9997,0,9999
2024-12-09T00:29:46,2,9997,0,9999
2024-12-09T01:03:07,2,9997,0,9999
2024-12-09T01:36:23,2,9997,0,9999
2024-12-09T02:09:38,2,9997,0,9999
2024-12-09T02:43:02,2,9997,0,9999
2024-12-09T03:16:15,2,9997,0,9999
2024-12-09T03:49:29,2,9997,0,9999
2024-12-09T04:24:10,2,9997,0,9999
2024-12-09T04:58:32,2,9997,0,9999
2024-12-09T05:31:49,2,9997,0,9999
2024-12-09T06:05:09,2,9997,0,9999
2024-12-09T06:38:24,2,9997,0,9999
2024-12-09T07:11:39,2,9997,0,9999
2024-12-09T07:44:52,2,9997,0,9999
2024-12-09T08:18:11,2,9997,0,9999
2024-12-09T08:51:23,2,9997,0,9999
2024-12-09T09:24:37,2,9997,0,9999
2024-12-09T09:57:50,2,9997,0,9999
2024-12-09T10:31:14,2,9997,0,9999
2024-12-09T11:04:31,2,9997,0,9999
2024-12-09T11:37:54,2,9997,0,9999
2024-12-09T12:11:07,2,9997,0,9999
2024-12-09T12:44:20,2,9997,0,9999
2024-12-09T13:17:43,2,9997,0,9999
2024-12-09T13:51:01,2,9997,0,9999
2024-12-09T14:24:28,2,9997,0,9999
2024-12-09T14:57:43,2,9997,0,9999
2024-12-09T15:31:08,2,9997,0,9999
2024-12-09T16:04:22,2,9997,0,9999
2024-12-09T16:37:34,2,9997,0,9999
2024-12-09T17:10:58,2,9997,0,9999
2024-12-09T17:44:12,2,9997,0,9999
2024-12-09T18:17:35,2,9997,0,9999
2024-12-09T18:50:51,2,9997,0,9999
2024-12-09T19:24:09,2,9997,0,9999
2024-12-09T19:57:34,2,9997,0,9999
2024-12-09T20:30:50,2,9997,0,9999
2024-12-09T21:04:07,2,9997,0,9999
2024-12-09T21:37:25,2,9997,0,9999
2024-12-09T22:10:52,2,9997,0,9999
2024-12-09T22:44:10,2,9997,0,9999
2024-12-09T23:17:28,2,9997,0,9999
2024-12-09T23:50:46,2,9997,0,9999
2024-12-10T00:24:29,2,9997,0,9999
2024-12-10T00:57:54,2,9997,0,9999
2024-12-10T01:31:18,2,9997,0,9999
2024-12-10T02:04:44,2,9997,0,9999
2024-12-10T02:38:05,2,9997,0,9999
2024-12-10T03:11:33,2,9997,0,9999
2024-12-10T03:44:51,2,9997,0,9999
2024-12-10T04:24:34,2,9997,0,9999
2024-12-10T04:58:16,2,9997,0,9999
2024-12-10T05:31:37,2,9997,0,9999
2024-12-10T06:05:00,2,9997,0,9999
2024-12-10T06:38:21,2,9997,0,9999
2024-12-10T07:11:43,2,9997,0,9999
2024-12-10T07:45:02,2,9997,0,9999
2024-12-10T08:18:20,2,9997,0,9999
2024-12-10T08:51:46,2,9997,0,9999
2024-12-10T09:25:05,2,9997,0,9999
2024-12-10T09:58:23,2,9997,0,9999
2024-12-10T10:31:41,2,9997,0,9999
2024-12-10T11:05:11,2,9997,0,9999
2024-12-10T11:38:30,2,9997,0,9999
2024-12-10T12:11:58,2,9997,0,9999
2024-12-10T12:45:17,2,9997,0,9999
2024-12-10T13:18:35,2,9997,0,9999
2024-12-10T13:52:03,2,9997,0,9999
2024-12-10T14:25:25,2,9997,0,9999
2024-12-10T14:58:54,2,9997,0,9999
2024-12-10T15:32:13,2,9997,0,9999
2024-12-10T16:05:43,2,9997,0,9999
2024-12-10T16:39:01,2,9997,0,9999
2024-12-10T17:12:22,2,9997,0,9999
2024-12-10T17:45:50,2,9997,0,9999
2024-12-10T18:19:10,2,9997,0,9999
2024-12-10T18:52:29,2,9997,0,9999
2024-12-10T19:25:58,2,9997,0,9999
2024-12-10T19:59:18,2,9997,0,9999
2024-12-10T20:32:37,2,9997,0,9999
2024-12-10T21:05:56,2,9997,0,9999
2024-12-10T21:39:28,2,9997,0,9999
2024-12-10T22:12:47,2,9997,0,9999
2024-12-10T22:46:08,2,9997,0,9999
2024-12-10T23:19:37,2,9997,0,9999
2024-12-10T23:52:57,2,9997,0,9999
2024-12-11T00:26:28,2,9997,0,9999
2024-12-11T00:59:54,2,9997,0,9999
2024-12-11T01:33:27,2,9997,0,9999
2024-12-11T02:06:53,2,9997,0,9999
2024-12-11T02:40:17,2,9997,0,9999
2024-12-11T03:13:40,2,9997,0,9999
2024-12-11T03:47:21,2,9997,0,9999
2024-12-11T04:32:38,2,9997,0,9999
2024-12-11T05:07:33,2,9997,0,9999
2024-12-11T05:40:58,2,9997,0,9999
2024-12-11T06:14:22,2,9997,0,9999
2024-12-11T06:47:49,2,9997,0,9999
2024-12-11T07:21:13,2,9997,0,9999
2024-12-11T07:54:49,2,9997,0,9999
2024-12-11T08:28:09,2,9997,0,9999
2024-12-11T09:01:30,2,9997,0,9999
2024-12-11T09:34:50,2,9997,0,9999
2024-12-11T10:08:21,2,9997,0,9999
2024-12-11T10:41:42,2,9997,0,9999
2024-12-11T11:15:03,2,9997,0,9999
2024-12-11T11:48:47,2,9997,0,9999
2024-12-11T12:22:18,2,9997,0,9999
2024-12-11T12:55:40,2,9997,0,9999
2024-12-11T13:29:11,2,9997,0,9999
2024-12-11T14:02:34,2,9997,0,9999
2024-12-11T14:36:08,2,9997,0,9999
2024-12-11T15:09:48,2,9997,0,9999
2024-12-11T15:43:08,2,9997,0,9999
2024-12-11T16:16:28,2,9997,0,9999
2024-12-11T16:49:59,2,9997,0,9999
2024-12-11T17:23:20,2,9997,0,9999
2024-12-11T17:56:41,2,9997,0,9999
2024-12-11T18:30:12,2,9997,0,9999
2024-12-11T19:03:32,2,9997,0,9999
2024-12-11T19:37:11,2,9997,0,9999
2024-12-11T20:10:30,2,9997,0,9999
2024-12-11T20:43:52,2,9997,0,9999
2024-12-11T21:17:25,2,9997,0,9999
2024-12-11T21:50:46,2,9997,0,9999
2024-12-11T22:24:07,2,9997,0,9999
2024-12-11T22:57:38,2,9997,0,9999
2024-12-11T23:30:59,2,9997,0,9999
2024-12-12T00:04:20,2,9997,0,9999
2024-12-12T00:38:00,2,9997,0,9999
2024-12-12T01:11:47,2,9997,0,9999
2024-12-12T01:45:13,2,9997,0,9999
2024-12-12T02:18:41,2,9997,0,9999
2024-12-12T02:52:01,2,9997,0,9999
2024-12-12T03:25:23,2,9997,0,9999
2024-12-12T03:58:46,2,9997,0,9999
2024-12-12T04:32:51,2,9997,0,9999
2024-12-12T05:06:40,2,9997,0,9999
2024-12-12T05:40:12,2,9997,0,9999
2024-12-12T06:13:37,2,9997,0,9999
2024-12-12T06:47:03,2,9997,0,9999
2024-12-12T07:20:27,2,9997,0,9999
2024-12-12T07:53:49,2,9997,0,9999
2024-12-12T08:27:23,2,9997,0,9999
2024-12-12T09:00:45,2,9997,0,9999
2024-12-12T09:34:08,2,9997,0,9999
2024-12-12T10:07:31,2,9997,0,9999
2024-12-12T10:41:04,2,9997,0,9999
2024-12-12T11:14:24,2,9997,0,9999
2024-12-12T11:48:06,2,9997,0,9999
2024-12-12T12:21:27,2,9997,0,9999
2024-12-12T12:55:00,2,9997,0,9999
2024-12-12T13:28:24,2,9997,0,9999
2024-12-12T14:01:59,2,9997,0,9999
2024-12-12T14:35:23,2,9997,0,9999
2024-12-12T15:08:55,2,9997,0,9999
2024-12-12T15:42:18,2,9997,0,9999
2024-12-12T16:16:00,2,9997,0,9999
2024-12-12T16:49:24,2,9997,0,9999
2024-12-12T17:22:58,2,9997,0,9999
2024-12-12T17:56:23,2,9997,0,9999
2024-12-12T18:29:46,2,9997,0,9999
2024-12-12T19:03:19,2,9997,0,9999
2024-12-12T19:36:43,2,9997,0,9999
2024-12-12T20:10:17,2,9997,0,9999
2024-12-12T20:43:44,2,9997,0,9999
2024-12-12T21:17:07,2,9997,0,9999
2024-12-12T21:50:31,2,9997,0,9999
2024-12-12T22:24:11,2,9997,0,9999
2024-12-12T22:57:34,2,9997,0,9999
2024-12-12T23:30:58,2,9997,0,9999
2024-12-13T00:04:33,2,9997,0,9999
2024-12-13T00:38:06,2,9997,0,9999
2024-12-13T01:11:35,2,9997,0,9999
2024-12-13T01:45:04,2,9997,0,9999
2024-12-13T02:18:41,2,9997,0,9999
2024-12-13T02:52:20,2,9997,0,9999
2024-12-13T03:25:53,2,9997,0,9999
2024-12-13T03:59:20,2,9997,0,9999
2024-12-13T04:32:03,2,9997,0,9999
2024-12-13T05:05:59,2,9997,0,9999
2024-12-13T05:39:26,2,9997,0,9999
2024-12-13T06:12:54,2,9997,0,9999
2024-12-13T06:46:20,2,9997,0,9999
2024-12-13T07:19:49,2,9997,0,9999
2024-12-13T07:53:32,2,9997,0,9999
2024-12-13T08:26:57,2,9997,0,9999
2024-12-13T09:00:22,2,9997,0,9999
2024-12-13T09:33:48,2,9997,0,9999
2024-12-13T10:07:27,2,9997,0,9999
2024-12-13T10:40:56,2,9997,0,9999
2024-12-13T11:14:25,2,9997,0,9999
2024-12-13T11:48:11,2,9997,0,9999
2024-12-13T12:21:38,2,9997,0,9999
2024-12-13T12:55:14,2,9997,0,9999
2024-12-13T13:28:41,2,9997,0,9999
2024-12-13T14:02:08,2,9997,0,9999
2024-12-13T14:35:59,2,9997,0,9999
2024-12-13T15:09:36,2,9997,0,9999
2024-12-13T15:43:06,2,9997,0,9999
2024-12-13T16:16:52,2,9997,0,9999
2024-12-13T16:50:18,2,9997,0,9999
2024-12-13T17:23:59,2,9997,0,9999
2024-12-13T17:57:27,2,9997,0,9999
2024-12-13T18:30:53,2,9997,0,9999
2024-12-13T19:04:40,2,9997,0,9999
2024-12-13T19:38:07,2,9997,0,9999
2024-12-13T20:11:42,2,9997,0,9999
2024-12-13T20:45:19,2,9997,0,9999
2024-12-13T21:18:47,2,9997,0,9999
2024-12-13T21:52:36,2,9997,0,9999
2024-12-13T22:26:14,2,9997,0,9999
2024-12-13T22:59:40,2,9997,0,9999
2024-12-13T23:33:27,2,9997,0,9999
2024-12-14T00:07:07,2,9997,0,9999
2024-12-14T00:40:39,2,9997,0,9999
2024-12-14T01:14:28,2,9997,0,9999
2024-12-14T01:48:06,2,9997,0,9999
2024-12-14T02:21:32,2,9997,0,9999
2024-12-14T02:55:18,2,9997,0,9999
2024-12-14T03:28:43,2,9997,0,9999
2024-12-14T04:02:20,2,9997,0,9999
2024-12-14T04:27:29,2,9997,0,9999
2024-12-14T05:02:31,2,9997,0,9999
2024-12-14T05:36:10,2,9997,0,9999
2024-12-14T06:09:36,2,9997,0,9999
2024-12-14T06:43:11,2,9997,0,9999
2024-12-14T07:16:54,2,9997,0,9999
2024-12-14T07:50:22,2,9997,0,9999
2024-12-14T08:23:56,2,9997,0,9999
2024-12-14T08:57:31,2,9997,0,9999
2024-12-14T09:30:59,2,9997,0,9999
2024-12-14T10:04:36,2,9997,0,9999
2024-12-14T10:38:03,2,9997,0,9999
2024-12-14T11:11:40,2,9997,0,9999
2024-12-14T11:45:17,2,9997,0,9999
2024-12-14T12:18:41,2,9997,0,9999
2024-12-14T12:52:16,2,9997,0,9999
2024-12-14T13:25:40,2,9997,0,9999
2024-12-14T13:59:14,2,9997,0,9999
2024-12-14T14:32:52,2,9997,0,9999
2024-12-14T15:06:28,2,9997,0,9999
2024-12-14T15:39:53,2,9997,0,9999
2024-12-14T16:13:28,2,9997,0,9999
2024-12-14T16:47:02,2,9997,0,9999
2024-12-14T17:20:28,2,9997,0,9999
2024-12-14T17:54:01,2,9997,0,9999
2024-12-14T18:27:26,2,9997,0,9999
2024-12-14T19:01:02,2,9997,0,9999
2024-12-14T19:34:27,2,9997,0,9999
2024-12-14T20:08:03,2,9997,0,9999
2024-12-14T20:41:28,2,9997,0,9999
2024-12-14T21:15:03,2,9997,0,9999
2024-12-14T21:48:28,2,9997,0,9999
2024-12-14T22:22:06,2,9997,0,9999
2024-12-14T22:55:39,2,9997,0,9999
2024-12-14T23:29:05,2,9997,0,9999
2024-12-15T00:02:39,2,9997,0,9999
2024-12-15T00:36:04,2,9997,0,9999
2024-12-15T01:03:05,2,9997,0,9999
2024-12-15T01:36:46,2,9997,0,9999
2024-12-15T02:10:23,2,9997,0,9999
2024-12-15T02:43:50,2,9997,0,9999
2024-12-15T03:17:17,2,9997,0,9999
2024-12-15T03:50:55,2,9997,0,9999
2024-12-15T04:22:14,2,9997,0,9999
2024-12-15T04:57:31,2,9997,0,9999
2024-12-15T05:31:15,2,9997,0,9999
2024-12-15T06:04:48,2,9997,0,9999
2024-12-15T06:38:18,2,9997,0,9999
2024-12-15T07:11:51,2,9997,0,9999
2024-12-15T07:45:32,2,9997,0,9999
2024-12-15T08:19:00,2,9997,0,9999
2024-12-15T08:52:28,2,9997,0,9999
2024-12-15T09:25:55,2,9997,0,9999
2024-12-15T09:59:24,2,9997,0,9999
2024-12-15T10:32:55,2,9997,0,9999
2024-12-15T11:06:35,2,9997,0,9999
2024-12-15T11:40:06,2,9997,0,9999
2024-12-15T12:13:32,2,9997,0,9999
2024-12-15T12:47:08,2,9997,0,9999
2024-12-15T13:20:33,2,9997,0,9999
2024-12-15T13:54:01,2,9997,0,9999
2024-12-15T14:27:29,2,9997,0,9999
2024-12-15T15:01:04,2,9997,0,9999
2024-12-15T15:34:30,2,9997,0,9999
2024-12-15T16:08:09,2,9997,0,9999
2024-12-15T16:41:36,2,9997,0,9999
2024-12-15T17:15:01,2,9997,0,9999
2024-12-15T17:48:28,2,9997,0,9999
2024-12-15T18:22:05,2,9997,0,9999
2024-12-15T18:55:33,2,9997,0,9999
2024-12-15T19:29:01,2,9997,0,9999
2024-12-15T20:02:36,2,9997,0,9999
2024-12-15T20:36:02,2,9997,0,9999
2024-12-15T21:09:31,2,9997,0,9999
2024-12-15T21:43:11,2,9997,0,9999
2024-12-15T22:16:40,2,9997,0,9999
2024-12-15T22:50:20,2,9997,0,9999
2024-12-15T23:23:48,2,9997,0,9999
2024-12-15T23:57:14,2,9997,0,9999
2024-12-16T00:30:46,2,9997,0,9999
2024-12-16T01:04:30,2,9997,0,9999
2024-12-16T01:38:03,2,9997,0,9999
2024-12-16T02:11:39,2,9997,0,9999
2024-12-16T02:45:14,2,9997,0,9999
2024-12-16T03:18:43,2,9997,0,9999
2024-12-16T03:52:21,2,9997,0,9999
2024-12-16T04:25:56,2,9997,0,9999
2024-12-16T04:59:52,2,9997,0,9999
2024-12-16T05:33:24,2,9997,0,9999
2024-12-16T06:06:59,2,9997,0,9999
2024-12-16T06:40:29,2,9997,0,9999
2024-12-16T07:14:06,2,9997,0,9999
2024-12-16T07:47:48,2,9997,0,9999
2024-12-16T08:21:18,2,9997,0,9999
2024-12-16T08:54:51,2,9997,0,9999
2024-12-16T09:28:21,2,9997,0,9999
2024-12-16T10:02:01,2,9997,0,9999
2024-12-16T10:35:30,2,9997,0,9999
2024-12-16T11:09:12,2,9997,0,9999
2024-12-16T11:42:45,2,9997,0,9999
2024-12-16T12:16:24,2,9997,0,9999
2024-12-16T12:50:04,2,9997,0,9999
2024-12-16T13:23:35,2,9997,0,9999
2024-12-16T13:57:14,2,9997,0,9999
2024-12-16T14:30:57,2,9997,0,9999
2024-12-16T15:04:25,2,9997,0,9999
2024-12-16T15:38:06,2,9997,0,9999
2024-12-16T16:11:38,2,9997,0,9999
2024-12-16T16:45:21,2,9997,0,9999
2024-12-16T17:18:52,2,9997,0,9999
2024-12-16T17:52:33,2,9997,0,9999
2024-12-16T18:26:15,2,9997,0,9999
2024-12-16T18:59:56,2,9997,0,9999
2024-12-16T19:33:25,2,9997,0,9999
2024-12-16T20:07:07,2,9997,0,9999
2024-12-16T20:40:37,2,9997,0,9999
2024-12-16T21:14:18,2,9997,0,9999
2024-12-16T21:47:53,2,9997,0,9999
2024-12-16T22:21:38,2,9997,0,9999
2024-12-16T22:55:21,2,9997,0,9999
2024-12-16T23:28:53,2,9997,0,9999
2024-12-17T00:02:33,2,9997,0,9999
2024-12-17T00:36:16,2,9997,0,9999
2024-12-17T01:09:52,2,9997,0,9999
2024-12-17T01:43:40,2,9997,0,9999
2024-12-17T02:17:27,2,9997,0,9999
2024-12-17T02:51:00,2,9997,0,9999
2024-12-17T03:24:32,2,9997,0,9999
2024-12-17T03:58:05,2,9997,0,9999
2024-12-17T04:28:47,2,9997,0,9999
2024-12-17T05:02:42,2,9997,0,9999
2024-12-17T05:36:15,2,9997,0,9999
2024-12-17T06:09:47,2,9997,0,9999
2024-12-17T06:43:16,2,9997,0,9999
2024-12-17T07:17:14,2,9997,0,9999
2024-12-17T07:50:46,2,9997,0,9999
2024-12-17T08:24:20,2,9997,0,9999
2024-12-17T08:57:53,2,9997,0,9999
2024-12-17T09:31:37,2,9997,0,9999
2024-12-17T10:05:13,2,9997,0,9999
2024-12-17T10:39:00,2,9997,0,9999
2024-12-17T11:12:46,2,9997,0,9999
2024-12-17T11:46:36,2,9997,0,9999
2024-12-17T12:20:11,2,9997,0,9999
2024-12-17T12:53:55,2,9997,0,9999
2024-12-17T13:27:43,2,9997,0,9999
2024-12-17T14:01:30,2,9997,0,9999
2024-12-17T14:35:14,2,9997,0,9999
2024-12-17T15:08:48,2,9997,0,9999
2024-12-17T15:42:31,2,9997,0,9999
2024-12-17T16:16:17,2,9997,0,9999
2024-12-17T16:49:50,2,9997,0,9999
2024-12-17T17:23:32,2,9997,0,9999
2024-12-17T17:57:16,2,9997,0,9999
2024-12-17T18:30:52,2,9997,0,9999
2024-12-17T19:04:40,2,9997,0,9999
2024-12-17T19:38:24,2,9997,0,9999
2024-12-17T20:11:58,2,9997,0,9999
2024-12-17T20:45:45,2,9997,0,9999
2024-12-17T21:19:30,2,9997,0,9999
2024-12-17T21:53:19,2,9997,0,9999
2024-12-17T22:26:54,2,9997,0,9999
2024-12-17T23:00:43,2,9997,0,9999
2024-12-17T23:34:34,2,9997,0,9999
2024-12-18T00:08:11,2,9997,0,9999
2024-12-18T00:42:05,2,9997,0,9999
2024-12-18T01:15:50,2,9997,0,9999
2024-12-18T01:49:56,2,9997,0,9999
2024-12-18T02:23:40,2,9997,0,9999
2024-12-18T02:57:15,2,9997,0,9999
2024-12-18T03:31:06,2,9997,0,9999
2024-12-18T04:04:42,2,9997,0,9999
2024-12-18T04:22:22,2,9997,0,9999
2024-12-18T04:58:00,2,9997,0,9999
2024-12-18T05:31:39,2,9997,0,9999
2024-12-18T06:05:16,2,9997,0,9999
2024-12-18T06:39:02,2,9997,0,9999
2024-12-18T07:12:44,2,9997,0,9999
2024-12-18T07:46:21,2,9997,0,9999
2024-12-18T08:20:07,2,9997,0,9999
2024-12-18T08:53:44,2,9997,0,9999
2024-12-18T09:27:33,2,9997,0,9999
2024-12-18T10:01:13,2,9997,0,9999
2024-12-18T10:35:00,2,9997,0,9999
2024-12-18T11:08:51,2,9997,0,9999
2024-12-18T11:42:42,2,9997,0,9999
2024-12-18T12:16:30,2,9997,0,9999
2024-12-18T12:50:04,2,9997,0,9999
2024-12-18T13:23:53,2,9997,0,9999
2024-12-18T13:57:40,2,9997,0,9999
2024-12-18T14:31:16,2,9997,0,9999
2024-12-18T15:05:07,2,9997,0,9999
2024-12-18T15:38:55,2,9997,0,9999
2024-12-18T16:12:31,2,9997,0,9999
2024-12-18T16:46:20,2,9997,0,9999
2024-12-18T17:19:58,2,9997,0,9999
2024-12-18T17:53:49,2,9997,0,9999
2024-12-18T18:27:26,2,9997,0,9999
2024-12-18T19:01:17,2,9997,0,9999
2024-12-18T19:34:53,2,9997,0,9999
2024-12-18T20:08:42,2,9997,0,9999
2024-12-18T20:42:18,2,9997,0,9999
2024-12-18T21:16:06,2,9997,0,9999
2024-12-18T21:49:45,2,9997,0,9999
2024-12-18T22:23:20,2,9997,0,9999
2024-12-18T22:57:08,2,9997,0,9999
2024-12-18T23:30:44,2,9997,0,9999
2024-12-19T00:04:32,2,9997,0,9999
2024-12-19T00:38:07,2,9997,0,9999
2024-12-19T01:11:43,2,9997,0,9999
2024-12-19T01:45:25,2,9997,0,9999
2024-12-19T02:19:11,2,9997,0,9999
2024-12-19T02:52:42,2,9997,0,9999
2024-12-19T03:26:16,2,9997,0,9999
2024-12-19T04:00:00,2,9997,0,9999
2024-12-19T04:28:35,2,9997,0,9999
2024-12-19T05:02:43,2,9997,0,9999
2024-12-19T05:36:27,2,9997,0,9999
2024-12-19T06:10:07,2,9997,0,9999
2024-12-19T06:43:47,2,9997,0,9999
2024-12-19T07:17:30,2,9997,0,9999
2024-12-19T07:51:14,2,9997,0,9999
2024-12-19T08:24:51,2,9997,0,9999
2024-12-19T08:58:27,2,9997,0,9999
2024-12-19T09:32:11,2,9997,0,9999
2024-12-19T10:06:00,2,9997,0,9999
2024-12-19T10:39:37,2,9997,0,9999
2024-12-19T11:13:25,2,9997,0,9999
2024-12-19T11:47:01,2,9997,0,9999
2024-12-19T12:20:52,2,9997,0,9999
2024-12-19T12:54:31,2,9997,0,9999
2024-12-19T13:28:21,2,9997,0,9999
2024-12-19T14:01:57,2,9997,0,9999
2024-12-19T14:35:46,2,9997,0,9999
2024-12-19T15:09:21,2,9997,0,9999
2024-12-19T15:43:00,2,9997,0,9999
2024-12-19T16:16:49,2,9997,0,9999
2024-12-19T16:50:30,2,9997,0,9999
2024-12-19T17:24:18,2,9997,0,9999
2024-12-19T17:57:54,2,9997,0,9999
2024-12-19T18:31:35,2,9997,0,9999
2024-12-19T19:05:26,2,9997,0,9999
2024-12-19T19:39:03,2,9997,0,9999
2024-12-19T20:12:53,2,9997,0,9999
2024-12-19T20:46:30,2,9997,0,9999
2024-12-19T21:20:11,2,9997,0,9999
2024-12-19T21:54:02,2,9997,0,9999
2024-12-19T22:27:41,2,9997,0,9999
2024-12-19T23:01:30,2,9997,0,9999
2024-12-19T23:35:21,2,9997,0,9999
2024-12-20T00:09:04,2,9997,0,9999
2024-12-20T00:43:03,2,9997,0,9999
2024-12-20T01:16:49,2,9997,0,9999
2024-12-20T01:50:32,2,9997,0,9999
2024-12-20T02:24:14,2,9997,0,9999
2024-12-20T02:57:58,2,9997,0,9999
2024-12-20T03:31:53,2,9997,0,9999
2024-12-20T04:05:44,2,9997,0,9999
2024-12-20T04:26:14,2,9997,0,9999
2024-12-20T05:00:21,2,9997,0,9999
2024-12-20T05:34:03,2,9997,0,9999
2024-12-20T06:07:44,2,9997,0,9999
2024-12-20T06:41:22,2,9997,0,9999
2024-12-20T07:15:01,2,9997,0,9999
2024-12-20T07:48:49,2,9997,0,9999
2024-12-20T08:22:27,2,9997,0,9999
2024-12-20T08:56:04,2,9997,0,9999
2024-12-20T09:29:45,2,9997,0,9999
2024-12-20T10:03:31,2,9997,0,9999
2024-12-20T10:37:08,2,9997,0,9999
2024-12-20T11:10:46,2,9997,0,9999
2024-12-20T11:44:34,2,9997,0,9999
2024-12-20T12:18:11,2,9997,0,9999
2024-12-20T12:51:57,2,9997,0,9999
2024-12-20T13:25:35,2,9997,0,9999
2024-12-20T13:59:11,2,9997,0,9999
2024-12-20T14:33:00,2,9997,0,9999
2024-12-20T15:06:38,2,9997,0,9999
2024-12-20T15:40:26,2,9997,0,9999
2024-12-20T16:14:06,2,9997,0,9999
2024-12-20T16:47:44,2,9997,0,9999
2024-12-20T17:21:30,2,9997,0,9999
2024-12-20T17:55:10,2,9997,0,9999
2024-12-20T18:28:57,2,9997,0,9999
2024-12-20T19:02:35,2,9997,0,9999
2024-12-20T19:36:14,2,9997,0,9999
2024-12-20T20:09:52,2,9997,0,9999
2024-12-20T20:43:42,2,9997,0,9999
2024-12-20T21:17:20,2,9997,0,9999
2024-12-20T21:51:00,2,9997,0,9999
2024-12-20T22:24:55,2,9997,0,9999
2024-12-20T22:58:33,2,9997,0,9999
2024-12-20T23:32:16,2,9997,0,9999
2024-12-21T00:05:55,2,9997,0,9999
2024-12-21T00:39:51,2,9997,0,9999
2024-12-21T01:13:33,2,9997,0,9999
2024-12-21T01:47:13,2,9997,0,9999
2024-12-21T02:21:00,2,9997,0,9999
2024-12-21T02:54:42,2,9997,0,9999
2024-12-21T03:28:34,2,9997,0,9999
2024-12-21T04:02:15,2,9997,0,9999
2024-12-21T04:31:03,2,9997,0,9999
2024-12-21T05:05:08,2,9997,0,9999
2024-12-21T05:38:50,2,9997,0,9999
2024-12-21T06:12:32,2,9997,0,9999
2024-12-21T06:46:14,2,9997,0,9999
2024-12-21T07:20:02,2,9997,0,9999
2024-12-21T07:53:49,2,9997,0,9999
2024-12-21T08:27:27,2,9997,0,9999
2024-12-21T09:01:05,2,9997,0,9999
2024-12-21T09:34:43,2,9997,0,9999
2024-12-21T10:08:30,2,9997,0,9999
2024-12-21T10:42:08,2,9997,0,9999
2024-12-21T11:15:47,2,9997,0,9999
2024-12-21T11:49:25,2,9997,0,9999
2024-12-21T12:23:12,2,9997,0,9999
2024-12-21T12:56:49,2,9997,0,9999
2024-12-21T13:30:27,2,9997,0,9999
2024-12-21T14:04:05,2,9997,0,9999
2024-12-21T14:37:52,2,9997,0,9999
2024-12-21T15:11:30,2,9997,0,9999
2024-12-21T15:45:07,2,9997,0,9999
2024-12-21T16:18:55,2,9997,0,9999
2024-12-21T16:52:34,2,9997,0,9999
2024-12-21T17:26:13,2,9997,0,9999
2024-12-21T17:59:51,2,9997,0,9999
2024-12-21T18:33:30,2,9997,0,9999
2024-12-21T19:07:17,2,9997,0,9999
2024-12-21T19:40:55,2,9997,0,9999
2024-12-21T20:14:32,2,9997,0,9999
2024-12-21T20:48:09,2,9997,0,9999
2024-12-21T21:21:58,2,9997,0,9999
2024-12-21T21:55:36,2,9997,0,9999
2024-12-21T22:29:15,2,9997,0,9999
2024-12-21T23:02:53,2,9997,0,9999
2024-12-21T23:36:32,2,9997,0,9999
2024-12-22T00:10:22,2,9997,0,9999
2024-12-22T00:44:09,2,9997,0,9999
2024-12-22T01:17:50,2,9997,0,9999
2024-12-22T01:51:32,2,9997,0,9999
2024-12-22T02:25:15,2,9997,0,9999
2024-12-22T02:59:05,2,9997,0,9999
2024-12-22T03:32:47,2,9997,0,9999
2024-12-22T04:06:27,2,9997,0,9999
2024-12-22T04:23:52,2,9997,0,9999
2024-12-22T04:58:00,2,9997,0,9999
2024-12-22T05:31:44,2,9997,0,9999
2024-12-22T06:05:26,2,9997,0,9999
2024-12-22T06:39:12,2,9997,0,9999
2024-12-22T07:12:53,2,9997,0,9999
2024-12-22T07:46:39,2,9997,0,9999
2024-12-22T08:20:20,2,9997,0,9999
2024-12-22T08:54:13,2,9997,0,9999
2024-12-22T09:27:59,2,9997,0,9999
2024-12-22T10:01:45,2,9997,0,9999
2024-12-22T10:35:32,2,9997,0,9999
2024-12-22T11:09:12,2,9997,0,9999
2024-12-22T11:43:07,2,9997,0,9999
2024-12-22T12:16:46,2,9997,0,9999
2024-12-22T12:50:24,2,9997,0,9999
2024-12-22T13:24:02,2,9997,0,9999
2024-12-22T13:57:40,2,9997,0,9999
2024-12-22T14:31:29,2,9997,0,9999
2024-12-22T15:05:07,2,9997,0,9999
2024-12-22T15:38:45,2,9997,0,9999
2024-12-22T16:12:36,2,9997,0,9999
2024-12-22T16:46:14,2,9997,0,9999
2024-12-22T17:19:52,2,9997,0,9999
2024-12-22T17:53:30,2,9997,0,9999
2024-12-22T18:27:08,2,9997,0,9999
2024-12-22T19:00:55,2,9997,0,9999
2024-12-22T19:34:33,2,9997,0,9999
2024-12-22T20:08:11,2,9997,0,9999
2024-12-22T20:41:49,2,9997,0,9999
2024-12-22T21:15:28,2,9997,0,9999
2024-12-22T21:49:20,2,9997,0,9999
2024-12-22T22:23:06,2,9997,0,9999
2024-12-22T22:56:47,2,9997,0,9999
2024-12-22T23:30:26,2,9997,0,9999
2024-12-23T00:04:15,2,9997,0,9999
2024-12-23T00:38:02,2,9997,0,9999
2024-12-23T01:11:51,2,9997,0,9999
2024-12-23T01:45:36,2,9997,0,9999
2024-12-23T02:19:29,2,9997,0,9999
2024-12-23T02:53:19,2,9997,0,9999
2024-12-23T03:27:00,2,9997,0,9999
2024-12-23T04:00:41,2,9997,0,9999
2024-12-23T04:18:15,2,9997,0,9999
2024-12-23T04:52:22,2,9997,0,9999
2024-12-23T05:26:06,2,9997,0,9999
2024-12-23T05:59:50,2,9997,0,9999
2024-12-23T06:33:32,2,9997,0,9999
2024-12-23T07:07:17,2,9997,0,9999
2024-12-23T07:40:58,2,9997,0,9999
2024-12-23T08:14:43,2,9997,0,9999
2024-12-23T08:48:24,2,9997,0,9999
2024-12-23T09:22:03,2,9997,0,9999
2024-12-23T09:55:43,2,9997,0,9999
2024-12-23T10:29:24,2,9997,0,9999
2024-12-23T11:03:16,2,9997,0,9999
2024-12-23T11:36:57,2,9997,0,9999
2024-12-23T12:10:37,2,9997,0,9999
2024-12-23T12:44:16,2,9997,0,9999
2024-12-23T13:18:05,2,9997,0,9999
2024-12-23T13:51:44,2,9997,0,9999
2024-12-23T14:25:23,2,9997,0,9999
2024-12-23T14:59:11,2,9997,0,9999
2024-12-23T15:32:49,2,9997,0,9999
2024-12-23T16:06:29,2,9997,0,9999
2024-12-23T16:40:07,2,9997,0,9999
2024-12-23T17:13:56,2,9997,0,9999
2024-12-23T17:47:35,2,9997,0,9999
2024-12-23T18:21:13,2,9997,0,9999
2024-12-23T18:54:51,2,9997,0,9999
2024-12-23T19:28:30,2,9997,0,9999
2024-12-23T20:02:18,2,9997,0,9999
2024-12-23T20:35:55,2,9997,0,9999
2024-12-23T21:09:33,2,9997,0,9999
2024-12-23T21:43:17,2,9997,0,9999
2024-12-23T22:17:07,2,9997,0,9999
2024-12-23T22:50:47,2,9997,0,9999
2024-12-23T23:24:27,2,9997,0,9999
2024-12-23T23:58:14,2,9997,0,9999
2024-12-24T00:31:57,2,9997,0,9999
2024-12-24T01:05:41,2,9997,0,9999
2024-12-24T01:39:23,2,9997,0,9999
2024-12-24T02:13:25,2,9997,0,9999
2024-12-24T02:47:08,2,9997,0,9999
2024-12-24T03:20:49,2,9997,0,9999
2024-12-24T03:54:29,2,9997,0,9999
2024-12-24T04:30:05,2,9997,0,9999
2024-12-24T05:04:15,2,9997,0,9999
2024-12-24T05:37:57,2,9997,0,9999
2024-12-24T06:11:40,2,9997,0,9999
2024-12-24T06:45:22,2,9997,0,9999
2024-12-24T07:19:07,2,9997,0,9999
2024-12-24T07:52:47,2,9997,0,9999
2024-12-24T08:26:33,2,9997,0,9999
2024-12-24T09:00:10,2,9997,0,9999
2024-12-24T09:33:48,2,9997,0,9999
2024-12-24T10:07:26,2,9997,0,9999
2024-12-24T10:41:04,2,9997,0,9999
2024-12-24T11:14:41,2,9997,0,9999
2024-12-24T11:48:30,2,9997,0,9999
2024-12-24T12:22:08,2,9997,0,9999
2024-12-24T12:55:46,2,9997,0,9999
2024-12-24T13:29:24,2,9997,0,9999
2024-12-24T14:03:02,2,9997,0,9999
2024-12-24T14:36:52,2,9997,0,9999
2024-12-24T15:10:30,2,9997,0,9999
2024-12-24T15:44:07,2,9997,0,9999
2024-12-24T16:17:46,2,9997,0,9999
2024-12-24T16:51:24,2,9997,0,9999
2024-12-24T17:25:11,2,9997,0,9999
2024-12-24T17:58:50,2,9997,0,9999
2024-12-24T18:32:28,2,9997,0,9999
2024-12-24T19:06:07,2,9997,0,9999
2024-12-24T19:39:44,2,9997,0,9999
2024-12-24T20:13:22,2,9997,0,9999
2024-12-24T20:47:00,2,9997,0,9999
2024-12-24T21:20:50,2,9997,0,9999
2024-12-24T21:54:27,2,9997,0,9999
2024-12-24T22:28:05,2,9997,0,9999
2024-12-24T23:01:43,2,9997,0,9999
2024-12-24T23:35:22,2,9997,0,9999
2024-12-25T00:09:01,2,9997,0,9999
2024-12-25T00:42:44,2,9997,0,9999
2024-12-25T01:16:40,2,9997,0,9999
2024-12-25T01:50:25,2,9997,0,9999
2024-12-25T02:24:16,2,9997,0,9999
2024-12-25T02:57:58,2,9997,0,9999
2024-12-25T03:31:41,2,9997,0,9999
2024-12-25T04:05:23,2,9997,0,9999
2024-12-25T04:24:01,2,9997,0,9999
2024-12-25T04:58:02,2,9997,0,9999
2024-12-25T05:31:45,2,9997,0,9999
2024-12-25T06:05:29,2,9997,0,9999
2024-12-25T06:39:11,2,9997,0,9999
2024-12-25T07:12:54,2,9997,0,9999
2024-12-25T07:46:32,2,9997,0,9999
2024-12-25T08:20:10,2,9997,0,9999
2024-12-25T08:53:50,2,9997,0,9999
2024-12-25T09:27:34,2,9997,0,9999
2024-12-25T10:01:11,2,9997,0,9999
2024-12-25T10:34:49,2,9997,0,9999
2024-12-25T11:08:26,2,9997,0,9999
2024-12-25T11:42:06,2,9997,0,9999
2024-12-25T12:15:43,2,9997,0,9999
2024-12-25T12:49:21,2,9997,0,9999
2024-12-25T13:23:07,2,9997,0,9999
2024-12-25T13:56:44,2,9997,0,9999
2024-12-25T14:30:22,2,9997,0,9999
2024-12-25T15:04:00,2,9997,0,9999
2024-12-25T15:37:38,2,9997,0,9999
2024-12-25T16:11:27,2,9997,0,9999
2024-12-25T16:45:06,2,9997,0,9999
2024-12-25T17:18:46,2,9997,0,9999
2024-12-25T17:52:25,2,9997,0,9999
2024-12-25T18:26:03,2,9997,0,9999
2024-12-25T18:59:41,2,9997,0,9999
2024-12-25T19:33:28,2,9997,0,9999
2024-12-25T20:07:07,2,9997,0,9999
2024-12-25T20:40:45,2,9997,0,9999
2024-12-25T21:14:24,2,9997,0,9999
2024-12-25T21:48:03,2,9997,0,9999
2024-12-25T22:21:41,2,9997,0,9999
2024-12-25T22:55:29,2,9997,0,9999
2024-12-25T23:29:09,2,9997,0,9999
2024-12-26T00:02:48,2,9997,0,9999
2024-12-26T00:36:33,2,9997,0,9999
2024-12-26T01:10:16,2,9997,0,9999
2024-12-26T01:43:58,2,9997,0,9999
2024-12-26T02:17:55,2,9997,0,9999
2024-12-26T02:51:46,2,9997,0,9999
2024-12-26T03:25:27,2,9997,0,9999
2024-12-26T03:59:08,2,9997,0,9999
2024-12-26T04:23:40,2,9997,0,9999
2024-12-26T04:58:54,2,9997,0,9999
2024-12-26T05:32:36,2,9997,0,9999
2024-12-26T06:06:19,2,9997,0,9999
2024-12-26T06:40:02,2,9997,0,9999
2024-12-26T07:13:47,2,9997,0,9999
2024-12-26T07:47:26,2,9997,0,9999
2024-12-26T08:21:04,2,9997,0,9999
2024-12-26T08:54:49,2,9997,0,9999
2024-12-26T09:28:27,2,9997,0,9999
2024-12-26T10:02:05,2,9997,0,9999
2024-12-26T10:35:43,2,9997,0,9999
2024-12-26T11:09:20,2,9997,0,9999
2024-12-26T11:43:17,2,9997,0,9999
2024-12-26T12:16:54,2,9997,0,9999
2024-12-26T12:50:32,2,9997,0,9999
2024-12-26T13:24:10,2,9997,0,9999
2024-12-26T13:57:57,2,9997,0,9999
2024-12-26T14:31:35,2,9997,0,9999
2024-12-26T15:05:13,2,9997,0,9999
2024-12-26T15:39:07,2,9997,0,9999
2024-12-26T16:12:45,2,9997,0,9999
2024-12-26T16:46:24,2,9997,0,9999
2024-12-26T17:20:34,2,9997,0,9999
2024-12-26T17:54:56,2,9997,0,9999
2024-12-26T18:28:43,2,9997,0,9999
2024-12-26T19:03:07,2,9997,0,9999
2024-12-26T19:36:44,2,9997,0,9999
2024-12-26T20:10:21,2,9997,0,9999
2024-12-26T20:43:59,2,9997,0,9999
2024-12-26T21:17:37,2,9997,0,9999
2024-12-26T21:51:33,2,9997,0,9999
2024-12-26T22:25:11,2,9997,0,9999
2024-12-26T22:58:48,2,9997,0,9999
2024-12-26T23:32:27,2,9997,0,9999
2024-12-27T00:06:07,2,9997,0,9999
2024-12-27T00:40:00,2,9997,0,9999
2024-12-27T01:13:44,2,9997,0,9999
2024-12-27T01:47:27,2,9997,0,9999
2024-12-27T02:21:15,2,9997,0,9999
2024-12-27T02:54:56,2,9997,0,9999
2024-12-27T03:28:48,2,9997,0,9999
2024-12-27T04:02:37,2,9997,0,9999
2024-12-28T15:14:30,2,9997,0,9999
2024-12-28T15:48:10,2,9997,0,9999
2024-12-28T16:22:00,2,9997,0,9999
2024-12-28T16:55:39,2,9997,0,9999
2024-12-28T17:29:20,2,9997,0,9999
2024-12-28T18:02:58,2,9997,0,9999
2024-12-28T18:36:40,2,9997,0,9999
2024-12-28T19:10:29,2,9997,0,9999
2024-12-28T19:44:08,2,9997,0,9999
2024-12-28T20:17:49,2,9997,0,9999
2024-12-28T20:51:29,2,9997,0,9999
2024-12-28T21:25:09,2,9997,0,9999
2024-12-28T21:58:59,2,9997,0,9999
2024-12-28T22:32:38,2,9997,0,9999
2024-12-28T23:06:18,2,9997,0,9999
2024-12-28T23:39:59,2,9997,0,9999
2024-12-29T00:13:43,2,9997,0,9999
2024-12-29T00:47:38,2,9997,0,9999
2024-12-29T01:21:23,2,9997,0,9999
2024-12-29T01:55:07,2,9997,0,9999
2024-12-29T02:28:54,2,9997,0,9999
2024-12-29T03:02:39,2,9997,0,9999
2024-12-29T03:36:25,2,9997,0,9999
2024-12-29T04:21:03,2,9997,0,9999
2024-12-29T04:55:07,2,9997,0,9999
2024-12-29T05:28:52,2,9997,0,9999
2024-12-29T06:02:38,2,9997,0,9999
2024-12-29T06:36:26,2,9997,0,9999
2024-12-29T07:10:09,2,9997,0,9999
2024-12-29T07:43:54,2,9997,0,9999
2024-12-29T08:17:37,2,9997,0,9999
2024-12-29T08:51:23,2,9997,0,9999
2024-12-29T09:25:20,2,9997,0,9999
2024-12-29T09:59:11,2,9997,0,9999
2024-12-29T10:33:00,2,9997,0,9999
2024-12-29T11:06:44,2,9997,0,9999
2024-12-29T11:40:27,2,9997,0,9999
2024-12-29T12:14:09,2,9997,0,9999
2024-12-29T12:47:59,2,9997,0,9999
2024-12-29T13:21:38,2,9997,0,9999
2024-12-29T13:55:18,2,9997,0,9999
2024-12-29T14:29:08,2,9997,0,9999
2024-12-29T15:02:48,2,9997,0,9999
2024-12-29T15:36:31,2,9997,0,9999
2024-12-29T16:10:12,2,9997,0,9999
2024-12-29T16:43:51,2,9997,0,9999
2024-12-29T17:17:48,2,9997,0,9999
2024-12-29T17:51:26,2,9997,0,9999
2024-12-29T18:25:05,2,9997,0,9999
2024-12-29T18:58:45,2,9997,0,9999
2024-12-29T19:32:25,2,9997,0,9999
2024-12-29T20:06:05,2,9997,0,9999
2024-12-29T20:39:54,2,9997,0,9999
2024-12-29T21:13:34,2,9997,0,9999
2024-12-29T21:47:19,2,9997,0,9999
2024-12-29T22:21:08,2,9997,0,9999
2024-12-29T22:55:04,2,9997,0,9999
2024-12-29T23:28:44,2,9997,0,9999
2024-12-30T00:02:25,2,9997,0,9999
2024-12-30T00:36:16,2,9997,0,9999
2024-12-30T01:10:12,2,9997,0,9999
2024-12-30T01:44:08,2,9997,0,9999
2024-12-30T02:18:00,2,9997,0,9999
2024-12-30T02:51:43,2,9997,0,9999
2024-12-30T03:25:26,2,9997,0,9999
2024-12-30T03:59:08,2,9997,0,9999
2024-12-30T04:27:50,2,9997,0,9999
2024-12-30T05:02:00,2,9997,0,9999
2024-12-30T05:35:51,2,9997,0,9999
2024-12-30T06:11:32,2,9997,0,9999
2024-12-30T06:45:16,2,9997,0,9999
2024-12-30T07:19:01,2,9997,0,9999
2024-12-30T07:52:40,2,9997,0,9999
2024-12-30T08:26:20,2,9997,0,9999
2024-12-30T09:00:11,2,9997,0,9999
2024-12-30T09:33:49,2,9997,0,9999
2024-12-30T10:07:29,2,9997,0,9999
2024-12-30T10:41:07,2,9997,0,9999
2024-12-30T11:14:45,2,9997,0,9999
2024-12-30T11:48:35,2,9997,0,9999
2024-12-30T12:22:14,2,9997,0,9999
2024-12-30T12:55:53,2,9997,0,9999
2024-12-30T13:29:32,2,9997,0,9999
2024-12-30T14:03:20,2,9997,0,9999
2024-12-30T14:36:58,2,9997,0,9999
2024-12-30T15:10:37,2,9997,0,9999
2024-12-30T15:44:27,2,9997,0,9999
2024-12-30T16:18:06,2,9997,0,9999
2024-12-30T16:51:45,2,9997,0,9999
2024-12-30T17:25:34,2,9997,0,9999
2024-12-30T17:59:12,2,9997,0,9999
2024-12-30T18:32:51,2,9997,0,9999
2024-12-30T19:06:30,2,9997,0,9999
2024-12-30T19:40:19,2,9997,0,9999
2024-12-30T20:13:57,2,9997,0,9999
2024-12-30T20:47:36,2,9997,0,9999
2024-12-30T21:21:16,2,9997,0,9999
2024-12-30T21:55:05,2,9997,0,9999
2024-12-30T22:28:45,2,9997,0,9999
2024-12-30T23:02:24,2,9997,0,9999
2024-12-30T23:36:04,2,9997,0,9999
2024-12-31T00:09:46,2,9997,0,9999
2024-12-31T00:43:34,2,9997,0,9999
2024-12-31T01:17:28,2,9997,0,9999
2024-12-31T01:51:12,2,9997,0,9999
2024-12-31T02:25:03,2,9997,0,9999
2024-12-31T02:58:45,2,9997,0,9999
2024-12-31T03:32:27,2,9997,0,9999
2024-12-31T04:06:57,2,9997,0,9999
2024-12-31T04:24:22,2,9997,0,9999
2024-12-31T04:58:26,2,9997,0,9999
2024-12-31T05:32:15,2,9997,0,9999
2024-12-31T06:06:00,2,9997,0,9999
2024-12-31T06:39:43,2,9997,0,9999
2024-12-31T07:13:31,2,9997,0,9999
2024-12-31T07:47:10,2,9997,0,9999
2024-12-31T08:20:50,2,9997,0,9999
2024-12-31T08:54:44,2,9997,0,9999
2024-12-31T09:28:24,2,9997,0,9999
2024-12-31T10:02:04,2,9997,0,9999
2024-12-31T10:35:44,2,9997,0,9999
2024-12-31T11:09:24,2,9997,0,9999
2024-12-31T11:43:07,2,9997,0,9999
2024-12-31T12:16:58,2,9997,0,9999
2024-12-31T12:50:40,2,9997,0,9999
2024-12-31T13:24:21,2,9997,0,9999
2024-12-31T13:58:05,2,9997,0,9999
2024-12-31T14:31:45,2,9997,0,9999
2024-12-31T15:05:37,2,9997,0,9999
2024-12-31T15:39:19,2,9997,0,9999
2024-12-31T16:13:03,2,9997,0,9999
2024-12-31T16:46:44,2,9997,0,9999
2024-12-31T17:20:25,2,9997,0,9999
2024-12-31T17:54:06,2,9997,0,9999
2024-12-31T18:27:56,2,9997,0,9999
2024-12-31T19:01:37,2,9997,0,9999
2024-12-31T19:35:18,2,9997,0,9999
2024-12-31T20:08:58,2,9997,0,9999
2024-12-31T20:42:39,2,9997,0,9999
2024-12-31T21:16:31,2,9997,0,9999
2024-12-31T21:50:18,2,9997,0,9999
2024-12-31T22:24:00,2,9997,0,9999
2024-12-31T22:57:39,2,9997,0,9999
2024-12-31T23:31:20,2,9997,0,9999
2025-01-01T00:05:02,2,9997,0,9999
2025-01-01T00:38:58,2,9997,0,9999
2025-01-01T01:12:43,2,9997,0,9999
2025-01-01T01:46:26,2,9997,0,9999
2025-01-01T02:20:16,2,9997,0,9999
2025-01-01T02:54:03,2,9997,0,9999
2025-01-01T03:27:47,2,9997,0,9999
2025-01-01T04:01:30,2,9997,0,9999
2025-01-01T04:27:51,2,9997,0,9999
2025-01-01T05:02:00,2,9997,0,9999
2025-01-01T05:35:57,2,9997,0,9999
2025-01-01T06:11:16,2,9997,0,9999
2025-01-01T06:45:01,2,9997,0,9999
2025-01-01T07:18:48,2,9997,0,9999
2025-01-01T07:52:27,2,9997,0,9999
2025-01-01T08:26:07,2,9997,0,9999
2025-01-01T08:59:55,2,9997,0,9999
2025-01-01T09:33:35,2,9997,0,9999
2025-01-01T10:07:19,2,9997,0,9999
2025-01-01T10:40:59,2,9997,0,9999
2025-01-01T11:14:38,2,9997,0,9999
2025-01-01T11:48:19,2,9997,0,9999
2025-01-01T12:22:06,2,9997,0,9999
2025-01-01T12:55:45,2,9997,0,9999
2025-01-01T13:29:23,2,9997,0,9999
2025-01-01T14:03:01,2,9997,0,9999
2025-01-01T14:36:52,2,9997,0,9999
2025-01-01T15:10:31,2,9997,0,9999
2025-01-01T15:44:10,2,9997,0,9999
2025-01-01T16:17:48,2,9997,0,9999
2025-01-01T16:51:37,2,9997,0,9999
2025-01-01T17:25:16,2,9997,0,9999
2025-01-01T17:58:55,2,9997,0,9999
2025-01-01T18:32:35,2,9997,0,9999
2025-01-01T19:06:22,2,9997,0,9999
2025-01-01T19:40:01,2,9997,0,9999
2025-01-01T20:13:41,2,9997,0,9999
2025-01-01T20:47:20,2,9997,0,9999
2025-01-01T21:21:11,2,9997,0,9999
2025-01-01T21:54:52,2,9997,0,9999
2025-01-01T22:28:31,2,9997,0,9999
2025-01-01T23:02:10,2,9997,0,9999
2025-01-01T23:35:59,2,9997,0,9999
2025-01-02T00:09:39,2,9997,0,9999
2025-01-02T00:43:24,2,9997,0,9999
2025-01-02T01:17:09,2,9997,0,9999
2025-01-02T01:50:52,2,9997,0,9999
2025-01-02T02:24:48,2,9997,0,9999
2025-01-02T02:58:31,2,9997,0,9999
2025-01-02T03:32:14,2,9997,0,9999
2025-01-02T04:31:40,2,9997,0,9999
2025-01-02T05:05:26,2,9997,0,9999
2025-01-02T05:39:12,2,9997,0,9999
2025-01-02T06:12:57,2,9997,0,9999
2025-01-02T06:46:39,2,9997,0,9999
2025-01-02T07:20:20,2,9997,0,9999
2025-01-02T07:53:59,2,9997,0,9999
2025-01-02T08:27:46,2,9997,0,9999
2025-01-02T09:01:24,2,9997,0,9999
2025-01-02T09:35:03,2,9997,0,9999
2025-01-02T10:08:43,2,9997,0,9999
2025-01-02T10:42:35,2,9997,0,9999
2025-01-02T11:16:14,2,9997,0,9999
2025-01-02T11:50:04,2,9997,0,9999
2025-01-02T12:23:43,2,9997,0,9999
2025-01-02T12:57:32,2,9997,0,9999
2025-01-02T13:31:11,2,9997,0,9999
2025-01-02T14:04:49,2,9997,0,9999
2025-01-02T14:38:38,2,9997,0,9999
2025-01-02T15:12:17,2,9997,0,9999
2025-01-02T15:45:58,2,9997,0,9999
2025-01-02T16:19:48,2,9997,0,9999
2025-01-02T16:53:27,2,9997,0,9999
2025-01-02T17:27:17,2,9997,0,9999
2025-01-02T18:00:56,2,9997,0,9999
2025-01-02T18:34:35,2,9997,0,9999
2025-01-02T19:08:23,2,9997,0,9999
2025-01-02T19:42:03,2,9997,0,9999
2025-01-02T20:15:43,2,9997,0,9999
2025-01-02T20:49:31,2,9997,0,9999
2025-01-02T21:23:12,2,9997,0,9999
2025-01-02T21:56:51,2,9997,0,9999
2025-01-02T22:30:43,2,9997,0,9999
2025-01-02T23:04:22,2,9997,0,9999
2025-01-02T23:38:03,2,9997,0,9999
2025-01-03T00:11:52,2,9997,0,9999
2025-01-03T00:45:38,2,9997,0,9999
2025-01-03T01:19:22,2,9997,0,9999
2025-01-03T01:53:07,2,9997,0,9999
2025-01-03T02:26:52,2,9997,0,9999
2025-01-03T03:00:45,2,9997,0,9999
2025-01-03T03:34:28,2,9997,0,9999
2025-01-03T04:10:29,2,9997,0,9999
2025-01-03T04:28:25,2,9997,0,9999
2025-01-03T05:02:38,2,9997,0,9999
2025-01-03T05:36:24,2,9997,0,9999
2025-01-03T06:10:19,2,9997,0,9999
2025-01-03T06:44:06,2,9997,0,9999
2025-01-03T07:17:52,2,9997,0,9999
2025-01-03T07:51:34,2,9997,0,9999
2025-01-03T08:25:25,2,9997,0,9999
2025-01-03T08:59:09,2,9997,0,9999
2025-01-03T09:32:50,2,9997,0,9999
2025-01-03T10:06:44,2,9997,0,9999
2025-01-03T10:40:27,2,9997,0,9999
2025-01-03T11:14:20,2,9997,0,9999
2025-01-03T11:48:17,2,9997,0,9999
2025-01-03T12:21:59,2,9997,0,9999
2025-01-03T12:55:50,2,9997,0,9999
2025-01-03T13:29:32,2,9997,0,9999
2025-01-03T14:03:24,2,9997,0,9999
2025-01-03T14:37:15,2,9997,0,9999
2025-01-03T15:10:56,2,9997,0,9999
2025-01-03T15:44:47,2,9997,0,9999
2025-01-03T16:18:28,2,9997,0,9999
2025-01-03T16:52:19,2,9997,0,9999
2025-01-03T17:26:01,2,9997,0,9999
2025-01-03T17:59:53,2,9997,0,9999
2025-01-03T18:33:36,2,9997,0,9999
2025-01-03T19:07:17,2,9997,0,9999
2025-01-03T19:41:08,2,9997,0,9999
2025-01-03T20:14:49,2,9997,0,9999
2025-01-03T20:48:31,2,9997,0,9999
2025-01-03T21:22:34,2,9997,0,9999
2025-01-03T21:56:16,2,9997,0,9999
2025-01-03T22:29:58,2,9997,0,9999
2025-01-03T23:03:50,2,9997,0,9999
2025-01-03T23:37:33,2,9997,0,9999
2025-01-04T00:11:16,2,9997,0,9999
2025-01-04T00:45:16,2,9997,0,9999
2025-01-04T01:19:02,2,9997,0,9999
2025-01-04T01:52:53,2,9997,0,9999
2025-01-04T02:26:40,2,9997,0,9999
2025-01-04T03:00:22,2,9997,0,9999
2025-01-04T03:34:04,2,9997,0,9999
2025-01-04T04:08:34,2,9997,0,9999
2025-01-04T04:23:01,2,9997,0,9999
2025-01-04T04:58:31,2,9997,0,9999
2025-01-04T05:32:17,2,9997,0,9999
2025-01-04T06:06:02,2,9997,0,9999
2025-01-04T06:39:48,2,9997,0,9999
2025-01-04T07:13:33,2,9997,0,9999
2025-01-04T07:47:27,2,9997,0,9999
2025-01-04T08:21:11,2,9997,0,9999
2025-01-04T08:54:56,2,9997,0,9999
2025-01-04T09:28:37,2,9997,0,9999
2025-01-04T10:02:27,2,9997,0,9999
2025-01-04T10:36:07,2,9997,0,9999
2025-01-04T11:09:48,2,9997,0,9999
2025-01-04T11:43:29,2,9997,0,9999
2025-01-04T12:17:18,2,9997,0,9999
2025-01-04T12:50:58,2,9997,0,9999
2025-01-04T13:24:50,2,9997,0,9999
2025-01-04T13:58:30,2,9997,0,9999
2025-01-04T14:32:22,2,9997,0,9999
2025-01-04T15:06:03,2,9997,0,9999
2025-01-04T15:39:52,2,9997,0,9999
2025-01-04T16:13:33,2,9997,0,9999
2025-01-04T16:47:23,2,9997,0,9999
2025-01-04T17:21:04,2,9997,0,9999
2025-01-04T17:54:45,2,9997,0,9999
2025-01-04T18:28:35,2,9997,0,9999
2025-01-04T19:02:16,2,9997,0,9999
2025-01-04T19:36:06,2,9997,0,9999
2025-01-04T20:09:47,2,9997,0,9999
2025-01-04T20:43:28,2,9997,0,9999
2025-01-04T21:17:19,2,9997,0,9999
2025-01-04T21:51:01,2,9997,0,9999
2025-01-04T22:24:42,2,9997,0,9999
2025-01-04T22:58:32,2,9997,0,9999
2025-01-04T23:32:14,2,9997,0,9999
2025-01-05T00:05:56,2,9997,0,9999
2025-01-05T00:39:51,2,9997,0,9999
2025-01-05T01:13:37,2,9997,0,9999
2025-01-05T01:47:22,2,9997,0,9999
2025-01-05T02:21:09,2,9997,0,9999
2025-01-05T02:54:55,2,9997,0,9999
2025-01-05T03:28:50,2,9997,0,9999
2025-01-05T04:02:34,2,9997,0,9999
2025-01-05T04:23:23,2,9997,0,9999
2025-01-05T04:57:33,2,9997,0,9999
2025-01-05T05:31:19,2,9997,0,9999
2025-01-05T06:05:05,2,9997,0,9999
2025-01-05T06:38:51,2,9997,0,9999
2025-01-05T07:12:36,2,9997,0,9999
2025-01-05T07:46:23,2,9997,0,9999
2025-01-05T08:20:07,2,9997,0,9999
2025-01-05T08:54:01,2,9997,0,9999
2025-01-05T09:27:44,2,9997,0,9999
2025-01-05T10:01:29,2,9997,0,9999
2025-01-05T10:35:15,2,9997,0,9999
2025-01-05T11:09:09,2,9997,0,9999
2025-01-05T11:43:08,2,9997,0,9999
2025-01-05T12:16:49,2,9997,0,9999
2025-01-05T12:50:30,2,9997,0,9999
2025-01-05T13:24:21,2,9997,0,9999
2025-01-05T13:58:11,2,9997,0,9999
2025-01-05T14:31:51,2,9997,0,9999
2025-01-05T15:05:40,2,9997,0,9999
2025-01-05T15:39:30,2,9997,0,9999
2025-01-05T16:13:10,2,9997,0,9999
2025-01-05T16:47:01,2,9997,0,9999
2025-01-05T17:20:52,2,9997,0,9999
2025-01-05T17:54:33,2,9997,0,9999
2025-01-05T18:28:25,2,9997,0,9999
2025-01-05T19:02:19,2,9997,0,9999
2025-01-05T19:36:11,2,9997,0,9999
2025-01-05T20:10:02,2,9997,0,9999
2025-01-05T20:43:56,2,9997,0,9999
2025-01-05T21:17:51,2,9997,0,9999
2025-01-05T21:51:46,2,9997,0,9999
2025-01-05T22:25:38,2,9997,0,9999
2025-01-05T22:59:30,2,9997,0,9999
2025-01-05T23:33:12,2,9997,0,9999
2025-01-06T00:07:16,2,9997,0,9999
2025-01-06T00:41:18,2,9997,0,9999
2025-01-06T01:15:08,2,9997,0,9999
2025-01-06T01:49:03,2,9997,0,9999
2025-01-06T02:22:48,2,9997,0,9999
2025-01-06T02:56:42,2,9997,0,9999
2025-01-06T03:30:27,2,9997,0,9999
2025-01-06T04:04:11,2,9997,0,9999
2025-01-06T04:20:53,2,9997,0,9999
2025-01-06T04:56:17,2,9997,0,9999
2025-01-06T05:30:00,2,9997,0,9999
2025-01-06T06:03:43,2,9997,0,9999
2025-01-06T06:37:25,2,9997,0,9999
2025-01-06T07:11:20,2,9997,0,9999
2025-01-06T07:45:06,2,9997,0,9999
2025-01-06T08:19:03,2,9997,0,9999
2025-01-06T08:53:00,2,9997,0,9999
2025-01-06T09:26:53,2,9997,0,9999
2025-01-06T10:01:00,2,9997,0,9999
2025-01-06T10:35:10,2,9997,0,9999
2025-01-06T11:09:17,2,9997,0,9999
2025-01-06T11:43:25,2,9997,0,9999
2025-01-06T12:17:29,2,9997,0,9999
2025-01-06T12:54:36,2,9997,0,9999
2025-01-06T13:28:58,2,9997,0,9999
2025-01-06T14:02:51,2,9997,0,9999
2025-01-06T14:37:00,2,9997,0,9999
2025-01-06T15:10:56,2,9997,0,9999
2025-01-06T15:45:07,2,9997,0,9999
2025-01-06T16:19:00,2,9997,0,9999
2025-01-06T16:52:55,2,9997,0,9999
2025-01-06T17:26:59,2,9997,0,9999
2025-01-06T18:00:52,2,9997,0,9999
2025-01-06T18:34:47,2,9997,0,9999
2025-01-06T19:08:39,2,9997,0,9999
2025-01-06T19:42:31,2,9997,0,9999
2025-01-06T20:16:13,2,9997,0,9999
2025-01-06T20:50:05,2,9997,0,9999
2025-01-06T21:24:01,2,9997,0,9999
2025-01-06T21:57:58,2,9997,0,9999
2025-01-06T22:31:44,2,9997,0,9999
2025-01-06T23:05:40,2,9997,0,9999
2025-01-06T23:39:35,2,9997,0,9999
2025-01-07T00:13:23,2,9997,0,9999
2025-01-07T00:47:33,2,9997,0,9999
2025-01-07T01:21:25,2,9997,0,9999
2025-01-07T01:55:20,2,9997,0,9999
2025-01-07T02:29:21,2,9997,0,9999
2025-01-07T03:03:08,2,9997,0,9999
2025-01-07T03:36:54,2,9997,0,9999
2025-01-07T04:13:01,2,9997,0,9999
2025-01-07T04:27:09,2,9997,0,9999
2025-01-07T05:01:24,2,9997,0,9999
2025-01-07T05:35:19,2,9997,0,9999
2025-01-07T06:09:11,2,9997,0,9999
2025-01-07T06:42:59,2,9997,0,9999
2025-01-07T07:16:51,2,9997,0,9999
2025-01-07T07:50:48,2,9997,0,9999
2025-01-07T08:24:35,2,9997,0,9999
2025-01-07T08:58:34,2,9997,0,9999
2025-01-07T09:32:30,2,9997,0,9999
2025-01-07T10:06:41,2,9997,0,9999
2025-01-07T10:40:41,2,9997,0,9999
2025-01-07T11:14:42,2,9997,0,9999
2025-01-07T11:49:01,2,9997,0,9999
2025-01-07T12:23:11,2,9997,0,9999
2025-01-07T12:57:15,2,9997,0,9999
2025-01-07T13:31:29,2,9997,0,9999
2025-01-07T14:05:30,2,9997,0,9999
2025-01-07T14:39:45,2,9997,0,9999
2025-01-07T15:13:45,2,9997,0,9999
2025-01-07T15:47:53,2,9997,0,9999
2025-01-07T16:21:51,2,9997,0,9999
2025-01-07T16:55:48,2,9997,0,9999
2025-01-07T17:30:01,2,9997,0,9999
2025-01-07T18:04:00,2,9997,0,9999
2025-01-07T18:37:57,2,9997,0,9999
2025-01-07T19:11:55,2,9997,0,9999
2025-01-07T19:45:40,2,9997,0,9999
2025-01-07T20:19:36,2,9997,0,9999
2025-01-07T20:53:34,2,9997,0,9999
2025-01-07T21:27:20,2,9997,0,9999
2025-01-07T22:01:17,2,9997,0,9999
2025-01-07T22:35:14,2,9997,0,9999
2025-01-07T23:09:01,2,9997,0,9999
2025-01-07T23:42:58,2,9997,0,9999
2025-01-08T00:16:45,2,9997,0,9999
2025-01-08T00:51:14,2,9997,0,9999
2025-01-08T01:25:05,2,9997,0,9999
2025-01-08T01:59:08,2,9997,0,9999
2025-01-08T02:33:00,2,9997,0,9999
2025-01-08T03:06:51,2,9997,0,9999
2025-01-08T03:40:43,2,9997,0,9999
2025-01-08T04:24:44,2,9997,0,9999
2025-01-08T04:58:53,2,9997,0,9999
2025-01-08T05:32:46,2,9997,0,9999
2025-01-08T06:06:38,2,9997,0,9999
2025-01-08T06:40:31,2,9997,0,9999
2025-01-08T07:14:24,2,9997,0,9999
2025-01-08T07:48:20,2,9997,0,9999
2025-01-08T08:22:06,2,9997,0,9999
2025-01-08T08:56:04,2,9997,0,9999
2025-01-08T09:29:51,2,9997,0,9999
2025-01-08T10:03:48,2,9997,0,9999
2025-01-08T10:37:45,2,9997,0,9999
2025-01-08T11:11:42,2,9997,0,9999
2025-01-08T11:45:45,2,9997,0,9999
2025-01-08T12:19:44,2,9997,0,9999
2025-01-08T12:53:53,2,9997,0,9999
2025-01-08T13:27:53,2,9997,0,9999
2025-01-08T14:01:57,2,9997,0,9999
2025-01-08T14:35:56,2,9997,0,9999
2025-01-08T15:09:56,2,9997,0,9999
2025-01-08T15:43:45,2,9997,0,9999
2025-01-08T16:17:44,2,9997,0,9999
2025-01-08T16:51:43,2,9997,0,9999
2025-01-08T17:25:43,2,9997,0,9999
2025-01-08T17:59:42,2,9997,0,9999
2025-01-08T18:33:31,2,9997,0,9999
2025-01-08T19:07:30,2,9997,0,9999
2025-01-08T19:41:28,2,9997,0,9999
2025-01-08T20:15:17,2,9997,0,9999
2025-01-08T20:49:05,2,9997,0,9999
2025-01-08T21:23:05,2,9997,0,9999
2025-01-08T21:57:05,2,9997,0,9999
2025-01-08T22:30:56,2,9997,0,9999
2025-01-08T23:04:47,2,9997,0,9999
2025-01-08T23:38:47,2,9997,0,9999
2025-01-09T00:12:38,2,9997,0,9999
2025-01-09T00:46:37,2,9997,0,9999
2025-01-09T01:20:44,2,9997,0,9999
2025-01-09T01:54:39,2,9997,0,9999
2025-01-09T02:28:32,2,9997,0,9999
2025-01-09T03:02:22,2,9997,0,9999
2025-01-09T03:36:23,2,9997,0,9999
2025-01-09T04:11:38,2,9997,0,9999
2025-01-09T04:29:58,2,9997,0,9999
2025-01-09T05:04:12,2,9997,0,9999
2025-01-09T05:38:19,2,9997,0,9999
2025-01-09T06:12:20,2,9997,0,9999
2025-01-09T06:46:27,2,9997,0,9999
2025-01-09T07:20:24,2,9997,0,9999
2025-01-09T07:54:18,2,9997,0,9999
2025-01-09T08:28:11,2,9997,0,9999
2025-01-09T09:02:14,2,9997,0,9999
2025-01-09T09:36:06,2,9997,0,9999
2025-01-09T10:10:05,2,9997,0,9999
2025-01-09T10:44:08,2,9997,0,9999
2025-01-09T11:18:01,2,9997,0,9999
2025-01-09T11:52:04,2,9997,0,9999
2025-01-09T12:26:04,2,9997,0,9999
2025-01-09T13:00:05,2,9997,0,9999
2025-01-09T13:34:05,2,9997,0,9999
2025-01-09T14:08:06,2,9997,0,9999
2025-01-09T14:42:07,2,9997,0,9999
2025-01-09T15:16:10,2,9997,0,9999
2025-01-09T15:50:00,2,9997,0,9999
2025-01-09T16:24:00,2,9997,0,9999
2025-01-09T16:57:59,2,9997,0,9999
2025-01-09T17:31:51,2,9997,0,9999
2025-01-09T18:05:50,2,9997,0,9999
2025-01-09T18:39:40,2,9997,0,9999
2025-01-09T19:13:40,2,9997,0,9999
2025-01-09T19:47:40,2,9997,0,9999
2025-01-09T20:21:31,2,9997,0,9999
2025-01-09T20:55:21,2,9997,0,9999
2025-01-09T21:29:21,2,9997,0,9999
2025-01-09T22:03:12,2,9997,0,9999
2025-01-09T22:37:10,2,9997,0,9999
2025-01-09T23:11:00,2,9997,0,9999
2025-01-09T23:44:51,2,9997,0,9999
2025-01-10T00:18:46,2,9997,0,9999
2025-01-10T00:52:53,2,9997,0,9999
2025-01-10T01:26:50,2,9997,0,9999
2025-01-10T02:00:50,2,9997,0,9999
2025-01-10T02:34:48,2,9997,0,9999
2025-01-10T03:08:44,2,9997,0,9999
2025-01-10T03:42:42,2,9997,0,9999
2025-01-10T04:26:45,2,9997,0,9999
2025-01-10T05:01:07,2,9997,0,9999
2025-01-10T05:35:04,2,9997,0,9999
2025-01-10T06:09:01,2,9997,0,9999
2025-01-10T06:42:57,2,9997,0,9999
2025-01-10T07:16:54,2,9997,0,9999
2025-01-10T07:50:44,2,9997,0,9999
2025-01-10T08:24:44,2,9997,0,9999
2025-01-10T08:58:35,2,9997,0,9999
2025-01-10T09:32:25,2,9997,0,9999
2025-01-10T10:06:27,2,9997,0,9999
2025-01-10T10:40:16,2,9997,0,9999
2025-01-10T11:14:16,2,9997,0,9999
2025-01-10T11:48:15,2,9997,0,9999
2025-01-10T12:22:07,2,9997,0,9999
2025-01-10T12:56:05,2,9997,0,9999
2025-01-10T13:30:04,2,9997,0,9999
2025-01-10T14:03:54,2,9997,0,9999
2025-01-10T14:37:57,2,9997,0,9999
2025-01-10T15:11:58,2,9997,0,9999
2025-01-10T15:45:52,2,9997,0,9999
2025-01-10T16:19:54,2,9997,0,9999
2025-01-10T16:53:46,2,9997,0,9999
2025-01-10T17:27:49,2,9997,0,9999
2025-01-10T18:01:39,2,9997,0,9999
2025-01-10T18:35:40,2,9997,0,9999
2025-01-10T19:09:32,2,9997,0,9999
2025-01-10T19:43:23,2,9997,0,9999
2025-01-10T20:17:23,2,9997,0,9999
2025-01-10T20:51:14,2,9997,0,9999
2025-01-10T21:25:05,2,9997,0,9999
2025-01-10T21:59:08,2,9997,0,9999
2025-01-10T22:32:59,2,9997,0,9999
2025-01-10T23:06:51,2,9997,0,9999
2025-01-10T23:40:44,2,9997,0,9999
2025-01-11T00:14:40,2,9997,0,9999
2025-01-11T00:48:49,2,9997,0,9999
2025-01-11T01:22:48,2,9997,0,9999
2025-01-11T01:56:43,2,9997,0,9999
2025-01-11T02:30:35,2,9997,0,9999
2025-01-11T03:04:28,2,9997,0,9999
2025-01-11T03:38:23,2,9997,0,9999
2025-01-11T04:22:20,2,9997,0,9999
2025-01-11T04:56:38,2,9997,0,9999
2025-01-11T05:30:54,2,9997,0,9999
2025-01-11T06:04:51,2,9997,0,9999
2025-01-11T06:38:46,2,9997,0,9999
2025-01-11T07:12:43,2,9997,0,9999
2025-01-11T07:46:40,2,9997,0,9999
2025-01-11T08:20:50,2,9997,0,9999
2025-01-11T08:54:47,2,9997,0,9999
2025-01-11T09:28:40,2,9997,0,9999
2025-01-11T10:02:33,2,9997,0,9999
2025-01-11T10:36:23,2,9997,0,9999
2025-01-11T11:10:22,2,9997,0,9999
2025-01-11T11:44:13,2,9997,0,9999
2025-01-11T12:18:04,2,9997,0,9999
2025-01-11T12:52:11,2,9997,0,9999
2025-01-11T13:26:03,2,9997,0,9999
2025-01-11T13:59:54,2,9997,0,9999
2025-01-11T14:33:45,2,9997,0,9999
2025-01-11T15:07:45,2,9997,0,9999
2025-01-11T15:41:36,2,9997,0,9999
2025-01-11T16:15:28,2,9997,0,9999
2025-01-11T16:49:22,2,9997,0,9999
2025-01-11T17:23:31,2,9997,0,9999
2025-01-11T17:57:23,2,9997,0,9999
2025-01-11T18:31:15,2,9997,0,9999
2025-01-11T19:05:07,2,9997,0,9999
2025-01-11T19:39:14,2,9997,0,9999
2025-01-11T20:13:05,2,9997,0,9999
2025-01-11T20:46:57,2,9997,0,9999
2025-01-11T21:20:48,2,9997,0,9999
2025-01-11T21:54:41,2,9997,0,9999
2025-01-11T22:28:44,2,9997,0,9999
2025-01-11T23:02:36,2,9997,0,9999
2025-01-11T23:36:28,2,9997,0,9999
2025-01-12T00:10:19,2,9997,0,9999
2025-01-12T00:44:25,2,9997,0,9999
2025-01-12T01:18:19,2,9997,0,9999
2025-01-12T01:52:14,2,9997,0,9999
2025-01-12T02:26:09,2,9997,0,9999
2025-01-12T03:00:00,2,9997,0,9999
2025-01-12T03:33:56,2,9997,0,9999
2025-01-12T04:07:51,2,9997,0,9999
2025-01-12T04:24:19,2,9997,0,9999
2025-01-12T05:00:11,2,9997,0,9999
2025-01-12T05:34:30,2,9997,0,9999
2025-01-12T06:08:27,2,9997,0,9999
2025-01-12T06:42:25,2,9997,0,9999
2025-01-12T07:16:23,2,9997,0,9999
2025-01-12T07:50:21,2,9997,0,9999
2025-01-12T08:24:39,2,9997,0,9999
2025-01-12T08:58:36,2,9997,0,9999
2025-01-12T09:32:35,2,9997,0,9999
2025-01-12T10:06:35,2,9997,0,9999
2025-01-12T10:40:31,2,9997,0,9999
2025-01-12T11:14:25,2,9997,0,9999
2025-01-12T11:48:30,2,9997,0,9999
2025-01-12T12:22:23,2,9997,0,9999
2025-01-12T12:56:14,2,9997,0,9999
2025-01-12T13:30:07,2,9997,0,9999
2025-01-12T14:04:07,2,9997,0,9999
2025-01-12T14:38:30,2,9997,0,9999
2025-01-12T15:12:23,2,9997,0,9999
2025-01-12T15:46:23,2,9997,0,9999
2025-01-12T16:20:14,2,9997,0,9999
2025-01-12T16:54:05,2,9997,0,9999
2025-01-12T17:28:08,2,9997,0,9999
2025-01-12T18:01:59,2,9997,0,9999
2025-01-12T18:36:00,2,9997,0,9999
2025-01-12T19:10:32,2,9997,0,9999
2025-01-12T19:44:33,2,9997,0,9999
2025-01-12T20:18:24,2,9997,0,9999
2025-01-12T20:52:34,2,9997,0,9999
2025-01-12T21:26:30,2,9997,0,9999
2025-01-12T22:00:32,2,9997,0,9999
2025-01-12T22:34:25,2,9997,0,9999
2025-01-12T23:08:33,2,9997,0,9999
2025-01-12T23:42:31,2,9997,0,9999
2025-01-13T00:16:25,2,9997,0,9999
2025-01-13T00:50:36,2,9997,0,9999
2025-01-13T01:24:39,2,9997,0,9999
2025-01-13T01:58:37,2,9997,0,9999
2025-01-13T02:33:00,2,9997,0,9999
2025-01-13T03:06:55,2,9997,0,9999
2025-01-13T03:40:51,2,9997,0,9999
2025-01-13T04:29:55,2,9997,0,9999
2025-01-13T05:04:19,2,9997,0,9999
2025-01-13T05:38:18,2,9997,0,9999
2025-01-13T06:12:16,2,9997,0,9999
2025-01-13T06:46:36,2,9997,0,9999
2025-01-13T07:20:31,2,9997,0,9999
2025-01-13T07:54:24,2,9997,0,9999
2025-01-13T08:28:26,2,9997,0,9999
2025-01-13T09:02:18,2,9997,0,9999
2025-01-13T09:36:20,2,9997,0,9999
2025-01-13T10:10:23,2,9997,0,9999
2025-01-13T10:44:27,2,9997,0,9999
2025-01-13T11:18:30,2,9997,0,9999
2025-01-13T11:52:35,2,9997,0,9999
2025-01-13T12:26:37,2,9997,0,9999
2025-01-13T13:00:40,2,9997,0,9999
2025-01-13T13:34:31,2,9997,0,9999
2025-01-13T14:08:37,2,9997,0,9999
2025-01-13T14:42:42,2,9997,0,9999
2025-01-13T15:16:43,2,9997,0,9999
2025-01-13T15:50:45,2,9997,0,9999
2025-01-13T16:24:47,2,9997,0,9999
2025-01-13T16:58:38,2,9997,0,9999
2025-01-13T17:32:40,2,9997,0,9999
2025-01-13T18:06:31,2,9997,0,9999
2025-01-13T18:40:32,2,9997,0,9999
2025-01-13T19:14:23,2,9997,0,9999
2025-01-13T19:48:23,2,9997,0,9999
2025-01-13T20:22:13,2,9997,0,9999
2025-01-13T20:56:04,2,9997,0,9999
2025-01-13T21:30:08,2,9997,0,9999
2025-01-13T22:04:01,2,9997,0,9999
2025-01-13T22:37:52,2,9997,0,9999
2025-01-13T23:11:53,2,9997,0,9999
2025-01-13T23:45:46,2,9997,0,9999
2025-01-14T00:19:50,2,9997,0,9999
2025-01-14T00:53:48,2,9997,0,9999
2025-01-14T01:27:46,2,9997,0,9999
2025-01-14T02:01:46,2,9997,0,9999
2025-01-14T02:35:51,2,9997,0,9999
2025-01-14T03:09:43,2,9997,0,9999
2025-01-14T03:43:37,2,9997,0,9999
2025-01-14T04:25:39,2,9997,0,9999
2025-01-14T04:59:54,2,9997,0,9999
2025-01-14T05:33:55,2,9997,0,9999
2025-01-14T06:07:51,2,9997,0,9999
2025-01-14T06:41:48,2,9997,0,9999
2025-01-14T07:15:48,2,9997,0,9999
2025-01-14T07:49:42,2,9997,0,9999
2025-01-14T08:23:37,2,9997,0,9999
2025-01-14T08:57:38,2,9997,0,9999
2025-01-14T09:31:29,2,9997,0,9999
2025-01-14T10:05:29,2,9997,0,9999
2025-01-14T10:39:20,2,9997,0,9999
2025-01-14T11:13:25,2,9997,0,9999
2025-01-14T11:47:17,2,9997,0,9999
2025-01-14T12:21:21,2,9997,0,9999
2025-01-14T12:55:23,2,9997,0,9999
2025-01-14T13:29:16,2,9997,0,9999
2025-01-14T14:03:17,2,9997,0,9999
2025-01-14T14:37:20,2,9997,0,9999
2025-01-14T15:11:11,2,9997,0,9999
2025-01-14T15:45:15,2,9997,0,9999
2025-01-14T16:19:07,2,9997,0,9999
2025-01-14T16:53:10,2,9997,0,9999
2025-01-14T17:27:14,2,9997,0,9999
2025-01-14T18:01:05,2,9997,0,9999
2025-01-14T18:35:08,2,9997,0,9999
2025-01-14T19:09:00,2,9997,0,9999
2025-01-14T19:43:02,2,9997,0,9999
2025-01-14T20:16:53,2,9997,0,9999
2025-01-14T20:50:44,2,9997,0,9999
2025-01-14T21:24:46,2,9997,0,9999
2025-01-14T21:58:39,2,9997,0,9999
2025-01-14T22:32:31,2,9997,0,9999
2025-01-14T23:06:23,2,9997,0,9999
2025-01-14T23:40:24,2,9997,0,9999
2025-01-15T00:14:18,2,9997,0,9999
2025-01-15T00:48:15,2,9997,0,9999
2025-01-15T01:22:27,2,9997,0,9999
2025-01-15T01:56:29,2,9997,0,9999
2025-01-15T02:30:42,2,9997,0,9999
2025-01-15T03:04:38,2,9997,0,9999
2025-01-15T03:38:45,2,9997,0,9999
2025-01-15T04:13:58,2,9997,0,9999
2025-01-15T04:32:02,2,9997,0,9999
2025-01-15T05:06:22,2,9997,0,9999
2025-01-15T05:40:21,2,9997,0,9999
2025-01-15T06:14:18,2,9997,0,9999
2025-01-15T06:48:35,2,9997,0,9999
2025-01-15T07:22:32,2,9997,0,9999
2025-01-15T07:56:25,2,9997,0,9999
2025-01-15T08:30:41,2,9997,0,9999
2025-01-15T09:04:33,2,9997,0,9999
2025-01-15T09:38:36,2,9997,0,9999
2025-01-15T10:12:27,2,9997,0,9999
2025-01-15T10:46:27,2,9997,0,9999
2025-01-15T11:20:45,2,9997,0,9999
2025-01-15T11:54:37,2,9997,0,9999
2025-01-15T12:28:47,2,9997,0,9999
2025-01-15T13:02:49,2,9997,0,9999
2025-01-15T13:37:03,2,9997,0,9999
2025-01-15T14:11:09,2,9997,0,9999
2025-01-15T14:45:04,2,9997,0,9999
2025-01-15T15:19:04,2,9997,0,9999
2025-01-15T15:53:17,2,9997,0,9999
2025-01-15T16:27:11,2,9997,0,9999
2025-01-15T17:01:28,2,9997,0,9999
2025-01-15T17:35:22,2,9997,0,9999
2025-01-15T18:09:14,2,9997,0,9999
2025-01-15T18:43:16,2,9997,0,9999
2025-01-15T19:17:09,2,9997,0,9999
2025-01-15T19:51:11,2,9997,0,9999
2025-01-15T20:25:04,2,9997,0,9999
2025-01-15T20:58:57,2,9997,0,9999
2025-01-15T21:33:00,2,9997,0,9999
2025-01-15T22:06:55,2,9997,0,9999
2025-01-15T22:40:48,2,9997,0,9999
2025-01-15T23:14:52,2,9997,0,9999
2025-01-15T23:48:57,2,9997,0,9999
2025-01-16T00:23:31,2,9997,0,9999
2025-01-16T00:57:31,2,9997,0,9999
2025-01-16T01:31:29,2,9997,0,9999
2025-01-16T02:05:36,2,9997,0,9999
2025-01-16T02:39:30,2,9997,0,9999
2025-01-16T03:13:43,2,9997,0,9999
2025-01-16T03:47:39,2,9997,0,9999
2025-01-16T04:30:18,2,9997,0,9999
2025-01-16T05:04:38,2,9997,0,9999
2025-01-16T05:38:36,2,9997,0,9999
2025-01-16T06:12:37,2,9997,0,9999
2025-01-16T06:46:35,2,9997,0,9999
2025-01-16T07:20:37,2,9997,0,9999
2025-01-16T07:54:32,2,9997,0,9999
2025-01-16T08:28:37,2,9997,0,9999
2025-01-16T09:02:31,2,9997,0,9999
2025-01-16T09:36:24,2,9997,0,9999
2025-01-16T10:10:26,2,9997,0,9999
2025-01-16T10:44:19,2,9997,0,9999
2025-01-16T11:18:14,2,9997,0,9999
2025-01-16T11:52:19,2,9997,0,9999
2025-01-16T12:26:12,2,9997,0,9999
2025-01-16T13:00:15,2,9997,0,9999
2025-01-16T13:34:09,2,9997,0,9999
2025-01-16T14:08:16,2,9997,0,9999
2025-01-16T14:42:12,2,9997,0,9999
2025-01-16T15:16:19,2,9997,0,9999
2025-01-16T15:50:15,2,9997,0,9999
2025-01-16T16:24:19,2,9997,0,9999
2025-01-16T16:58:14,2,9997,0,9999
2025-01-16T17:32:19,2,9997,0,9999
2025-01-16T18:06:14,2,9997,0,9999
2025-01-16T18:40:18,2,9997,0,9999
2025-01-16T19:14:13,2,9997,0,9999
2025-01-16T19:48:08,2,9997,0,9999
2025-01-16T20:22:13,2,9997,0,9999
2025-01-16T20:56:11,2,9997,0,9999
2025-01-16T21:30:19,2,9997,0,9999
2025-01-16T22:04:18,2,9997,0,9999
2025-01-16T22:38:22,2,9997,0,9999
2025-01-16T23:12:18,2,9997,0,9999
2025-01-16T23:46:14,2,9997,0,9999
2025-01-17T00:20:14,2,9997,0,9999
2025-01-17T00:54:26,2,9997,0,9999
2025-01-17T01:28:29,2,9997,0,9999
2025-01-17T02:02:33,2,9997,0,9999
2025-01-17T02:36:33,2,9997,0,9999
2025-01-17T03:10:34,2,9997,0,9999
2025-01-17T03:44:36,2,9997,0,9999
2025-01-17T04:21:46,2,9997,0,9999
2025-01-17T04:57:19,2,9997,0,9999
2025-01-17T05:31:21,2,9997,0,9999
2025-01-17T06:05:23,2,9997,0,9999
2025-01-17T06:39:22,2,9997,0,9999
2025-01-17T07:13:22,2,9997,0,9999
2025-01-17T07:47:26,2,9997,0,9999
2025-01-17T08:21:23,2,9997,0,9999
2025-01-17T08:55:20,2,9997,0,9999
2025-01-17T09:29:16,2,9997,0,9999
2025-01-17T10:03:22,2,9997,0,9999
2025-01-17T10:37:28,2,9997,0,9999
2025-01-17T11:11:27,2,9997,0,9999
2025-01-17T11:45:41,2,9997,0,9999
2025-01-17T12:19:38,2,9997,0,9999
2025-01-17T12:53:44,2,9997,0,9999
2025-01-17T13:27:41,2,9997,0,9999
2025-01-17T14:01:53,2,9997,0,9999
2025-01-17T14:35:49,2,9997,0,9999
2025-01-17T15:09:46,2,9997,0,9999
2025-01-17T15:43:54,2,9997,0,9999
2025-01-17T16:17:51,2,9997,0,9999
2025-01-17T16:52:05,2,9997,0,9999
2025-01-17T17:26:03,2,9997,0,9999
2025-01-17T17:59:59,2,9997,0,9999
2025-01-17T18:34:04,2,9997,0,9999
2025-01-17T19:08:03,2,9997,0,9999
2025-01-17T19:42:01,2,9997,0,9999
2025-01-17T20:15:58,2,9997,0,9999
2025-01-17T20:50:12,2,9997,0,9999
2025-01-17T21:24:12,2,9997,0,9999
2025-01-17T21:58:10,2,9997,0,9999
2025-01-17T22:32:07,2,9997,0,9999
2025-01-17T23:06:04,2,9997,0,9999
2025-01-17T23:40:11,2,9997,0,9999
2025-01-18T00:14:12,2,9997,0,9999
2025-01-18T00:48:15,2,9997,0,9999
2025-01-18T01:22:17,2,9997,0,9999
2025-01-18T01:56:29,2,9997,0,9999
2025-01-18T02:30:26,2,9997,0,9999
2025-01-18T03:04:23,2,9997,0,9999
2025-01-18T03:38:23,2,9997,0,9999
2025-01-18T19:15:04,2,9997,0,9999
2025-01-18T19:49:02,2,9997,0,9999
2025-01-18T20:22:58,2,9997,0,9999
2025-01-18T20:56:55,2,9997,0,9999
2025-01-18T21:31:03,2,9997,0,9999
2025-01-18T22:05:01,2,9997,0,9999
2025-01-18T22:39:00,2,9997,0,9999
2025-01-18T23:12:58,2,9997,0,9999
2025-01-18T23:46:58,2,9997,0,9999
2025-01-19T00:20:56,2,9997,0,9999
2025-01-19T00:51:17,2,9997,0,9999
2025-01-19T01:25:21,2,9997,0,9999
2025-01-19T01:59:25,2,9997,0,9999
2025-01-19T02:33:40,2,9997,0,9999
2025-01-19T03:07:42,2,9997,0,9999
2025-01-19T03:41:45,2,9997,0,9999
2025-01-19T04:30:36,2,9997,0,9999
2025-01-19T05:05:02,2,9997,0,9999
2025-01-19T05:39:04,2,9997,0,9999
2025-01-19T06:13:08,2,9997,0,9999
2025-01-19T06:47:12,2,9997,0,9999
2025-01-19T07:21:14,2,9997,0,9999
2025-01-19T07:55:17,2,9997,0,9999
2025-01-19T08:29:28,2,9997,0,9999
2025-01-19T09:03:30,2,9997,0,9999
2025-01-19T09:37:34,2,9997,0,9999
2025-01-19T10:11:33,2,9997,0,9999
2025-01-19T10:45:33,2,9997,0,9999
2025-01-19T11:19:32,2,9997,0,9999
2025-01-19T11:53:38,2,9997,0,9999
2025-01-19T12:27:35,2,9997,0,9999
2025-01-19T13:01:31,2,9997,0,9999
2025-01-19T13:35:29,2,9997,0,9999
2025-01-19T14:09:26,2,9997,0,9999
2025-01-19T14:43:35,2,9997,0,9999
2025-01-19T15:17:33,2,9997,0,9999
2025-01-19T15:51:30,2,9997,0,9999
2025-01-19T16:25:27,2,9997,0,9999
2025-01-19T16:59:24,2,9997,0,9999
2025-01-19T17:33:31,2,9997,0,9999
2025-01-19T18:07:27,2,9997,0,9999
2025-01-19T18:41:25,2,9997,0,9999
2025-01-19T19:15:28,2,9997,0,9999
2025-01-19T19:49:29,2,9997,0,9999
2025-01-19T20:23:28,2,9997,0,9999
2025-01-19T20:57:33,2,9997,0,9999
2025-01-19T21:31:33,2,9997,0,9999
2025-01-19T22:05:31,2,9997,0,9999
2025-01-19T22:39:30,2,9997,0,9999
2025-01-19T23:13:30,2,9997,0,9999
2025-01-19T23:47:38,2,9997,0,9999
2025-01-20T00:21:40,2,9997,0,9999
2025-01-20T00:55:46,2,9997,0,9999
2025-01-20T01:29:56,2,9997,0,9999
2025-01-20T02:04:00,2,9997,0,9999
2025-01-20T02:39:04,2,9997,0,9999
2025-01-20T03:13:07,2,9997,0,9999
2025-01-20T03:47:08,2,9997,0,9999
2025-01-20T04:30:33,2,9997,0,9999
2025-01-20T05:06:03,2,9997,0,9999
2025-01-20T05:40:07,2,9997,0,9999
2025-01-20T06:14:12,2,9997,0,9999
2025-01-20T06:48:14,2,9997,0,9999
2025-01-20T07:22:17,2,9997,0,9999
2025-01-20T07:56:16,2,9997,0,9999
2025-01-20T08:30:17,2,9997,0,9999
2025-01-20T09:04:15,2,9997,0,9999
2025-01-20T09:38:27,2,9997,0,9999
2025-01-20T10:12:26,2,9997,0,9999
2025-01-20T10:46:25,2,9997,0,9999
2025-01-20T11:20:23,2,9997,0,9999
2025-01-20T11:54:32,2,9997,0,9999
2025-01-20T12:28:32,2,9997,0,9999
2025-01-20T13:02:30,2,9997,0,9999
2025-01-20T13:36:28,2,9997,0,9999
2025-01-20T14:10:27,2,9997,0,9999
2025-01-20T14:44:38,2,9997,0,9999
2025-01-20T15:18:36,2,9997,0,9999
2025-01-20T15:52:33,2,9997,0,9999
2025-01-20T16:26:29,2,9997,0,9999
2025-01-20T17:00:43,2,9997,0,9999
2025-01-20T17:34:40,2,9997,0,9999
2025-01-20T18:08:37,2,9997,0,9999
2025-01-20T18:42:34,2,9997,0,9999
2025-01-20T19:16:31,2,9997,0,9999
2025-01-20T19:50:28,2,9997,0,9999
2025-01-20T20:24:35,2,9997,0,9999
2025-01-20T20:58:32,2,9997,0,9999
2025-01-20T21:32:30,2,9997,0,9999
2025-01-20T22:06:27,2,9997,0,9999
2025-01-20T22:40:27,2,9997,0,9999
2025-01-20T23:14:41,2,9997,0,9999
2025-01-20T23:48:40,2,9997,0,9999
2025-01-21T00:22:41,2,9997,0,9999
2025-01-21T00:56:46,2,9997,0,9999
2025-01-21T01:30:58,2,9997,0,9999
2025-01-21T02:05:02,2,9997,0,9999
2025-01-21T02:39:12,2,9997,0,9999
2025-01-21T03:13:13,2,9997,0,9999
2025-01-21T03:47:14,2,9997,0,9999
2025-01-21T04:21:15,2,9997,0,9999
2025-01-21T04:56:48,2,9997,0,9999
2025-01-21T05:30:51,2,9997,0,9999
2025-01-21T06:04:56,2,9997,0,9999
2025-01-21T06:39:00,2,9997,0,9999
2025-01-21T07:13:00,2,9997,0,9999
2025-01-21T07:46:57,2,9997,0,9999
2025-01-21T08:21:04,2,9997,0,9999
2025-01-21T08:55:02,2,9997,0,9999
2025-01-21T09:29:01,2,9997,0,9999
2025-01-21T10:02:59,2,9997,0,9999
2025-01-21T10:37:06,2,9997,0,9999
2025-01-21T11:11:03,2,9997,0,9999
2025-01-21T11:45:15,2,9997,0,9999
2025-01-21T12:19:13,2,9997,0,9999
2025-01-21T12:53:10,2,9997,0,9999
2025-01-21T13:27:17,2,9997,0,9999
2025-01-21T14:01:16,2,9997,0,9999
2025-01-21T14:35:24,2,9997,0,9999
2025-01-21T15:09:22,2,9997,0,9999
2025-01-21T15:43:19,2,9997,0,9999
2025-01-21T16:17:25,2,9997,0,9999
2025-01-21T16:51:25,2,9997,0,9999
2025-01-21T17:25:22,2,9997,0,9999
2025-01-21T17:59:28,2,9997,0,9999
2025-01-21T18:33:47,2,9997,0,9999
2025-01-21T19:07:51,2,9997,0,9999
2025-01-21T19:41:49,2,9997,0,9999
2025-01-21T20:15:46,2,9997,0,9999
2025-01-21T20:49:52,2,9997,0,9999
2025-01-21T21:23:51,2,9997,0,9999
2025-01-21T21:57:49,2,9997,0,9999
2025-01-21T22:31:51,2,9997,0,9999
2025-01-21T23:05:56,2,9997,0,9999
2025-01-21T23:39:54,2,9997,0,9999
2025-01-22T00:13:54,2,9997,0,9999
2025-01-22T00:48:01,2,9997,0,9999
2025-01-22T01:22:07,2,9997,0,9999
2025-01-22T01:56:16,2,9997,0,9999
2025-01-22T02:30:39,2,9997,0,9999
2025-01-22T03:04:41,2,9997,0,9999
2025-01-22T03:38:44,2,9997,0,9999
2025-01-22T04:12:47,2,9997,0,9999
2025-01-22T04:29:49,2,9997,0,9999
2025-01-22T05:04:11,2,9997,0,9999
2025-01-22T05:38:29,2,9997,0,9999
2025-01-22T06:12:32,2,9997,0,9999
2025-01-22T06:46:34,2,9997,0,9999
2025-01-22T07:20:35,2,9997,0,9999
2025-01-22T07:54:33,2,9997,0,9999
2025-01-22T08:28:37,2,9997,0,9999
2025-01-22T09:02:36,2,9997,0,9999
2025-01-22T09:36:33,2,9997,0,9999
2025-01-22T10:10:30,2,9997,0,9999
2025-01-22T10:44:28,2,9997,0,9999
2025-01-22T11:18:36,2,9997,0,9999
2025-01-22T11:52:35,2,9997,0,9999
2025-01-22T12:26:42,2,9997,0,9999
2025-01-22T13:00:39,2,9997,0,9999
2025-01-22T13:34:36,2,9997,0,9999
2025-01-22T14:08:42,2,9997,0,9999
2025-01-22T14:42:40,2,9997,0,9999
2025-01-22T15:16:45,2,9997,0,9999
2025-01-22T15:50:42,2,9997,0,9999
2025-01-22T16:24:40,2,9997,0,9999
2025-01-22T16:58:38,2,9997,0,9999
2025-01-22T17:32:44,2,9997,0,9999
2025-01-22T18:06:42,2,9997,0,9999
2025-01-22T18:40:40,2,9997,0,9999
2025-01-22T19:14:46,2,9997,0,9999
2025-01-22T19:48:45,2,9997,0,9999
2025-01-22T20:22:43,2,9997,0,9999
2025-01-22T20:56:41,2,9997,0,9999
2025-01-22T21:30:40,2,9997,0,9999
2025-01-22T22:04:45,2,9997,0,9999
2025-01-22T22:38:44,2,9997,0,9999
2025-01-22T23:12:43,2,9997,0,9999
2025-01-22T23:46:42,2,9997,0,9999
2025-01-23T00:20:43,2,9997,0,9999
2025-01-23T00:54:48,2,9997,0,9999
2025-01-23T01:29:02,2,9997,0,9999
2025-01-23T02:03:08,2,9997,0,9999
2025-01-23T02:37:09,2,9997,0,9999
2025-01-23T03:11:10,2,9997,0,9999
2025-01-23T03:45:15,2,9997,0,9999
2025-01-23T04:18:35,2,9997,0,9999
2025-01-23T04:53:53,2,9997,0,9999
2025-01-23T05:27:59,2,9997,0,9999
2025-01-23T06:02:04,2,9997,0,9999
2025-01-23T06:36:08,2,9997,0,9999
2025-01-23T07:10:12,2,9997,0,9999
2025-01-23T07:44:13,2,9997,0,9999
2025-01-23T08:18:14,2,9997,0,9999
2025-01-23T08:52:13,2,9997,0,9999
2025-01-23T09:26:20,2,9997,0,9999
2025-01-23T10:00:18,2,9997,0,9999
2025-01-23T10:34:17,2,9997,0,9999
2025-01-23T11:08:15,2,9997,0,9999
2025-01-23T11:42:22,2,9997,0,9999
2025-01-23T12:16:20,2,9997,0,9999
2025-01-23T12:50:19,2,9997,0,9999
2025-01-23T13:24:18,2,9997,0,9999
2025-01-23T13:58:25,2,9997,0,9999
2025-01-23T14:32:22,2,9997,0,9999
2025-01-23T15:06:32,2,9997,0,9999
2025-01-23T15:40:31,2,9997,0,9999
2025-01-23T16:14:34,2,9997,0,9999
2025-01-23T16:48:32,2,9997,0,9999
2025-01-23T17:22:40,2,9997,0,9999
2025-01-23T17:56:37,2,9997,0,9999
2025-01-23T18:30:36,2,9997,0,9999
2025-01-23T19:04:43,2,9997,0,9999
2025-01-23T19:38:44,2,9997,0,9999
2025-01-23T20:12:42,2,9997,0,9999
2025-01-23T20:46:39,2,9997,0,9999
2025-01-23T21:20:38,2,9997,0,9999
2025-01-23T21:54:37,2,9997,0,9999
2025-01-23T22:28:44,2,9997,0,9999
2025-01-23T23:02:41,2,9997,0,9999
2025-01-23T23:36:41,2,9997,0,9999
2025-01-24T00:10:39,2,9997,0,9999
2025-01-24T00:44:44,2,9997,0,9999
2025-01-24T01:18:49,2,9997,0,9999
2025-01-24T01:53:05,2,9997,0,9999
2025-01-24T02:27:23,2,9997,0,9999
2025-01-24T03:01:30,2,9997,0,9999
2025-01-24T03:35:33,2,9997,0,9999
2025-01-24T04:09:37,2,9997,0,9999
2025-01-24T04:30:15,2,9997,0,9999
2025-01-24T05:04:39,2,9997,0,9999
2025-01-24T05:38:43,2,9997,0,9999
2025-01-24T06:12:47,2,9997,0,9999
2025-01-24T06:46:52,2,9997,0,9999
2025-01-24T07:21:00,2,9997,0,9999
2025-01-24T07:54:58,2,9997,0,9999
2025-01-24T08:29:00,2,9997,0,9999
2025-01-24T09:03:01,2,9997,0,9999
2025-01-24T09:37:07,2,9997,0,9999
2025-01-24T10:11:05,2,9997,0,9999
2025-01-24T10:45:05,2,9997,0,9999
2025-01-24T11:19:03,2,9997,0,9999
2025-01-24T11:53:10,2,9997,0,9999
2025-01-24T12:27:07,2,9997,0,9999
2025-01-24T13:01:05,2,9997,0,9999
2025-01-24T13:35:04,2,9997,0,9999
2025-01-24T14:09:11,2,9997,0,9999
2025-01-24T14:43:10,2,9997,0,9999
2025-01-24T15:17:08,2,9997,0,9999
2025-01-24T15:51:16,2,9997,0,9999
2025-01-24T16:25:14,2,9997,0,9999
2025-01-24T16:59:14,2,9997,0,9999
2025-01-24T17:33:24,2,9997,0,9999
2025-01-24T18:07:21,2,9997,0,9999
2025-01-24T18:41:18,2,9997,0,9999
2025-01-24T19:15:17,2,9997,0,9999
2025-01-24T19:49:16,2,9997,0,9999
2025-01-24T20:23:24,2,9997,0,9999
2025-01-24T20:57:22,2,9997,0,9999
2025-01-24T21:31:23,2,9997,0,9999
2025-01-24T22:05:21,2,9997,0,9999
2025-01-24T22:39:19,2,9997,0,9999
2025-01-24T23:13:18,2,9997,0,9999
2025-01-24T23:47:18,2,9997,0,9999
2025-01-25T00:21:29,2,9997,0,9999
2025-01-25T00:55:33,2,9997,0,9999
2025-01-25T01:29:37,2,9997,0,9999
2025-01-25T02:03:40,2,9997,0,9999
2025-01-25T02:37:39,2,9997,0,9999
2025-01-25T03:11:39,2,9997,0,9999
2025-01-25T03:46:25,2,9997,0,9999
2025-01-25T04:17:59,2,9997,0,9999
2025-01-25T04:52:23,2,9997,0,9999
2025-01-25T05:26:26,2,9997,0,9999
2025-01-25T06:00:30,2,9997,0,9999
2025-01-25T06:34:36,2,9997,0,9999
2025-01-25T07:08:39,2,9997,0,9999
2025-01-25T07:42:42,2,9997,0,9999
2025-01-25T08:16:58,2,9997,0,9999
2025-01-25T08:50:59,2,9997,0,9999
2025-01-25T09:24:58,2,9997,0,9999
2025-01-25T09:58:57,2,9997,0,9999
2025-01-25T10:32:56,2,9997,0,9999
2025-01-25T11:06:53,2,9997,0,9999
2025-01-25T11:40:51,2,9997,0,9999
2025-01-25T12:14:57,2,9997,0,9999
2025-01-25T12:48:54,2,9997,0,9999
2025-01-25T13:22:50,2,9997,0,9999
2025-01-25T13:56:47,2,9997,0,9999
2025-01-25T14:30:45,2,9997,0,9999
2025-01-25T15:04:43,2,9997,0,9999
2025-01-25T15:38:50,2,9997,0,9999
2025-01-25T16:12:48,2,9997,0,9999
2025-01-25T16:46:47,2,9997,0,9999
2025-01-25T17:20:45,2,9997,0,9999
2025-01-25T17:54:43,2,9997,0,9999
2025-01-25T18:28:50,2,9997,0,9999
2025-01-25T19:02:49,2,9997,0,9999
2025-01-25T19:36:47,2,9997,0,9999
2025-01-25T20:10:46,2,9997,0,9999
2025-01-25T20:44:59,2,9997,0,9999
2025-01-25T21:19:00,2,9997,0,9999
2025-01-25T21:52:59,2,9997,0,9999
2025-01-25T22:26:59,2,9997,0,9999
2025-01-25T23:00:58,2,9997,0,9999
2025-01-25T23:34:59,2,9997,0,9999
2025-01-26T00:08:58,2,9997,0,9999
2025-01-26T00:43:02,2,9997,0,9999
2025-01-26T01:17:10,2,9997,0,9999
2025-01-26T01:51:10,2,9997,0,9999
2025-01-26T02:25:09,2,9997,0,9999
2025-01-26T02:59:07,2,9997,0,9999
2025-01-26T03:33:17,2,9997,0,9999
2025-01-31T10:53:07,2,9997,0,9999
2025-01-31T11:27:08,2,9997,0,9999
2025-01-31T12:01:15,2,9997,0,9999
2025-01-31T12:35:11,2,9997,0,9999
