time,enrolled,available,waitlisted,total
2024-12-13T15:09:44,0,9999,0,9999
2024-12-13T15:43:14,0,9999,0,9999
2024-12-13T16:17:00,0,9999,0,9999
2024-12-13T16:50:27,0,9999,0,9999
2024-12-13T17:24:07,0,9999,0,9999
2024-12-13T17:57:35,0,9999,0,9999
2024-12-13T18:31:01,0,9999,0,9999
2024-12-13T19:04:48,0,9999,0,9999
2024-12-13T19:38:15,0,9999,0,9999
2024-12-13T20:11:51,0,9999,0,9999
2024-12-13T20:45:27,0,9999,0,9999
2024-12-13T21:18:56,0,9999,0,9999
2024-12-13T21:52:44,0,9999,0,9999
2024-12-13T22:26:22,0,9999,0,9999
2024-12-13T22:59:48,0,9999,0,9999
2024-12-13T23:33:36,0,9999,0,9999
2024-12-14T00:07:15,0,9999,0,9999
2024-12-14T00:40:48,0,9999,0,9999
2024-12-14T01:14:36,0,9999,0,9999
2024-12-14T01:48:15,0,9999,0,9999
2024-12-14T02:21:40,0,9999,0,9999
2024-12-14T02:55:27,0,9999,0,9999
2024-12-14T03:28:51,0,9999,0,9999
2024-12-14T04:02:28,0,9999,0,9999
2024-12-14T04:27:38,0,9999,0,9999
2024-12-14T05:02:39,0,9999,0,9999
2024-12-14T05:36:18,0,9999,0,9999
2024-12-14T06:09:44,0,9999,0,9999
2024-12-14T06:43:19,0,9999,0,9999
2024-12-14T07:17:02,0,9999,0,9999
2024-12-14T07:50:30,0,9999,0,9999
2024-12-14T08:24:04,0,9999,0,9999
2024-12-14T08:57:40,0,9999,0,9999
2024-12-14T09:31:08,0,9999,0,9999
2024-12-14T10:04:44,0,9999,0,9999
2024-12-14T10:38:11,0,9999,0,9999
2024-12-14T11:11:49,0,9999,0,9999
2024-12-14T11:45:25,0,9999,0,9999
2024-12-14T12:18:49,0,9999,0,9999
2024-12-14T12:52:24,0,9999,0,9999
2024-12-14T13:25:48,0,9999,0,9999
2024-12-14T13:59:23,0,9999,0,9999
2024-12-14T14:33:00,0,9999,0,9999
2024-12-14T15:06:36,0,9999,0,9999
2024-12-14T15:40:01,0,9999,0,9999
2024-12-14T16:13:36,0,9999,0,9999
2024-12-14T16:47:10,0,9999,0,9999
2024-12-14T17:20:36,0,9999,0,9999
2024-12-14T17:54:10,0,9999,0,9999
2024-12-14T18:27:35,0,9999,0,9999
2024-12-14T19:01:10,0,9999,0,9999
2024-12-14T19:34:35,0,9999,0,9999
2024-12-14T20:08:11,0,9999,0,9999
2024-12-14T20:41:37,0,9999,0,9999
2024-12-14T21:15:11,0,9999,0,9999
2024-12-14T21:48:37,0,9999,0,9999
2024-12-14T22:22:14,0,9999,0,9999
2024-12-14T22:55:48,0,9999,0,9999
2024-12-14T23:29:13,0,9999,0,9999
2024-12-15T00:02:47,0,9999,0,9999
2024-12-15T00:36:12,0,9999,0,9999
2024-12-15T01:03:13,0,9999,0,9999
2024-12-15T01:36:54,0,9999,0,9999
2024-12-15T02:10:31,0,9999,0,9999
2024-12-15T02:43:59,0,9999,0,9999
2024-12-15T03:17:37,0,9999,0,9999
2024-12-15T03:51:03,0,9999,0,9999
2024-12-15T04:22:22,0,9999,0,9999
2024-12-15T04:57:39,0,9999,0,9999
2024-12-15T05:31:24,0,9999,0,9999
2024-12-15T06:04:56,0,9999,0,9999
2024-12-15T06:38:26,0,9999,0,9999
2024-12-15T07:12:00,0,9999,0,9999
2024-12-15T07:45:40,0,9999,0,9999
2024-12-15T08:19:08,0,9999,0,9999
2024-12-15T08:52:37,0,9999,0,9999
2024-12-15T09:26:04,0,9999,0,9999
2024-12-15T09:59:32,0,9999,0,9999
2024-12-15T10:33:04,0,9999,0,9999
2024-12-15T11:06:43,0,9999,0,9999
2024-12-15T11:40:14,0,9999,0,9999
2024-12-15T12:13:40,0,9999,0,9999
2024-12-15T12:47:16,0,9999,0,9999
2024-12-15T13:20:41,0,9999,0,9999
2024-12-15T13:54:09,0,9999,0,9999
2024-12-15T14:27:38,0,9999,0,9999
2024-12-15T15:01:13,0,9999,0,9999
2024-12-15T15:34:39,0,9999,0,9999
2024-12-15T16:08:17,0,9999,0,9999
2024-12-15T16:41:44,0,9999,0,9999
2024-12-15T17:15:09,0,9999,0,9999
2024-12-15T17:48:36,0,9999,0,9999
2024-12-15T18:22:13,0,9999,0,9999
2024-12-15T18:55:41,0,9999,0,9999
2024-12-15T19:29:09,0,9999,0,9999
2024-12-15T20:02:45,0,9999,0,9999
2024-12-15T20:36:10,0,9999,0,9999
2024-12-15T21:09:39,0,9999,0,9999
2024-12-15T21:43:20,0,9999,0,9999
2024-12-15T22:16:48,0,9999,0,9999
2024-12-15T22:50:28,0,9999,0,9999
2024-12-15T23:23:56,0,9999,0,9999
2024-12-15T23:57:22,0,9999,0,9999
2024-12-16T00:30:54,0,9999,0,9999
2024-12-16T01:04:38,0,9999,0,9999
2024-12-16T01:38:12,0,9999,0,9999
2024-12-16T02:11:47,0,9999,0,9999
2024-12-16T02:45:22,0,9999,0,9999
2024-12-16T03:18:52,0,9999,0,9999
2024-12-16T03:52:29,0,9999,0,9999
2024-12-16T04:26:04,0,9999,0,9999
2024-12-16T05:00:01,0,9999,0,9999
2024-12-16T05:33:33,0,9999,0,9999
2024-12-16T06:07:07,0,9999,0,9999
2024-12-16T06:40:37,0,9999,0,9999
2024-12-16T07:14:15,0,9999,0,9999
2024-12-16T07:47:56,0,9999,0,9999
2024-12-16T08:21:27,0,9999,0,9999
2024-12-16T08:54:59,0,9999,0,9999
2024-12-16T09:28:30,0,9999,0,9999
2024-12-16T10:02:09,0,9999,0,9999
2024-12-16T10:35:38,0,9999,0,9999
2024-12-16T11:09:20,0,9999,0,9999
2024-12-16T11:42:54,0,9999,0,9999
2024-12-16T12:16:32,0,9999,0,9999
2024-12-16T12:50:12,0,9999,0,9999
2024-12-16T13:23:43,0,9999,0,9999
2024-12-16T13:57:22,0,9999,0,9999
2024-12-16T14:31:05,0,9999,0,9999
2024-12-16T15:04:34,0,9999,0,9999
2024-12-16T15:38:15,0,9999,0,9999
2024-12-16T16:11:46,0,9999,0,9999
2024-12-16T16:45:29,0,9999,0,9999
2024-12-16T17:19:01,0,9999,0,9999
2024-12-16T17:52:42,0,9999,0,9999
2024-12-16T18:26:23,0,9999,0,9999
2024-12-16T19:00:04,0,9999,0,9999
2024-12-16T19:33:34,0,9999,0,9999
2024-12-16T20:07:15,0,9999,0,9999
2024-12-16T20:40:46,0,9999,0,9999
2024-12-16T21:14:27,0,9999,0,9999
2024-12-16T21:48:01,0,9999,0,9999
2024-12-16T22:21:47,0,9999,0,9999
2024-12-16T22:55:30,0,9999,0,9999
2024-12-16T23:29:01,0,9999,0,9999
2024-12-17T00:02:42,0,9999,0,9999
2024-12-17T00:36:25,0,9999,0,9999
2024-12-17T01:10:00,0,9999,0,9999
2024-12-17T01:43:49,0,9999,0,9999
2024-12-17T02:17:35,0,9999,0,9999
2024-12-17T02:51:08,0,9999,0,9999
2024-12-17T03:24:41,0,9999,0,9999
2024-12-17T03:58:13,0,9999,0,9999
2024-12-17T04:28:56,0,9999,0,9999
2024-12-17T05:02:50,0,9999,0,9999
2024-12-17T05:36:24,0,9999,0,9999
2024-12-17T06:09:56,0,9999,0,9999
2024-12-17T06:43:24,0,9999,0,9999
2024-12-17T07:17:22,0,9999,0,9999
2024-12-17T07:50:55,0,9999,0,9999
2024-12-17T08:24:29,0,9999,0,9999
2024-12-17T08:58:01,0,9999,0,9999
2024-12-17T09:31:45,0,9999,0,9999
2024-12-17T10:05:21,0,9999,0,9999
2024-12-17T10:39:09,0,9999,0,9999
2024-12-17T11:12:54,0,9999,0,9999
2024-12-17T11:46:44,0,9999,0,9999
2024-12-17T12:20:20,0,9999,0,9999
2024-12-17T12:54:03,0,9999,0,9999
2024-12-17T13:27:51,0,9999,0,9999
2024-12-17T14:01:38,0,9999,0,9999
2024-12-17T14:35:22,0,9999,0,9999
2024-12-17T15:08:56,0,9999,0,9999
2024-12-17T15:42:39,0,9999,0,9999
2024-12-17T16:16:25,0,9999,0,9999
2024-12-17T16:49:59,0,9999,0,9999
2024-12-17T17:23:41,0,9999,0,9999
2024-12-17T17:57:25,0,9999,0,9999
2024-12-17T18:31:01,0,9999,0,9999
2024-12-17T19:04:49,0,9999,0,9999
2024-12-17T19:38:32,0,9999,0,9999
2024-12-17T20:12:07,0,9999,0,9999
2024-12-17T20:45:53,0,9999,0,9999
2024-12-17T21:19:38,0,9999,0,9999
2024-12-17T21:53:28,0,9999,0,9999
2024-12-17T22:27:03,0,9999,0,9999
2024-12-17T23:00:51,0,9999,0,9999
2024-12-17T23:34:42,0,9999,0,9999
2024-12-18T00:08:19,0,9999,0,9999
2024-12-18T00:42:14,0,9999,0,9999
2024-12-18T01:15:58,0,9999,0,9999
2024-12-18T01:50:04,0,9999,0,9999
2024-12-18T02:23:49,0,9999,0,9999
2024-12-18T02:57:23,0,9999,0,9999
2024-12-18T03:31:14,0,9999,0,9999
2024-12-18T04:04:51,0,9999,0,9999
2024-12-18T04:22:31,0,9999,0,9999
2024-12-18T04:58:08,0,9999,0,9999
2024-12-18T05:31:48,0,9999,0,9999
2024-12-18T06:05:24,0,9999,0,9999
2024-12-18T06:39:11,0,9999,0,9999
2024-12-18T07:12:52,0,9999,0,9999
2024-12-18T07:46:29,0,9999,0,9999
2024-12-18T08:20:15,0,9999,0,9999
2024-12-18T08:53:52,0,9999,0,9999
2024-12-18T09:27:41,0,9999,0,9999
2024-12-18T10:01:21,0,9999,0,9999
2024-12-18T10:35:09,0,9999,0,9999
2024-12-18T11:09:00,0,9999,0,9999
2024-12-18T11:42:50,0,9999,0,9999
2024-12-18T12:16:38,0,9999,0,9999
2024-12-18T12:50:12,0,9999,0,9999
2024-12-18T13:24:01,0,9999,0,9999
2024-12-18T13:57:49,0,9999,0,9999
2024-12-18T14:31:25,0,9999,0,9999
2024-12-18T15:05:15,0,9999,0,9999
2024-12-18T15:39:03,0,9999,0,9999
2024-12-18T16:12:39,0,9999,0,9999
2024-12-18T16:46:28,0,9999,0,9999
2024-12-18T17:20:06,0,9999,0,9999
2024-12-18T17:53:58,0,9999,0,9999
2024-12-18T18:27:34,0,9999,0,9999
2024-12-18T19:01:25,0,9999,0,9999
2024-12-18T19:35:02,0,9999,0,9999
2024-12-18T20:08:51,0,9999,0,9999
2024-12-18T20:42:27,0,9999,0,9999
2024-12-18T21:16:15,0,9999,0,9999
2024-12-18T21:49:53,0,9999,0,9999
2024-12-18T22:23:28,0,9999,0,9999
2024-12-18T22:57:16,0,9999,0,9999
2024-12-18T23:30:52,0,9999,0,9999
2024-12-19T00:04:40,0,9999,0,9999
2024-12-19T00:38:15,0,9999,0,9999
2024-12-19T01:11:51,0,9999,0,9999
2024-12-19T01:45:33,0,9999,0,9999
2024-12-19T02:19:19,0,9999,0,9999
2024-12-19T02:52:50,0,9999,0,9999
2024-12-19T03:26:25,0,9999,0,9999
2024-12-19T04:00:09,0,9999,0,9999
2024-12-19T04:28:44,0,9999,0,9999
2024-12-19T05:02:52,0,9999,0,9999
2024-12-19T05:36:35,0,9999,0,9999
2024-12-19T06:10:15,0,9999,0,9999
2024-12-19T06:43:55,0,9999,0,9999
2024-12-19T07:17:39,0,9999,0,9999
2024-12-19T07:51:23,0,9999,0,9999
2024-12-19T08:24:59,0,9999,0,9999
2024-12-19T08:58:36,0,9999,0,9999
2024-12-19T09:32:20,0,9999,0,9999
2024-12-19T10:06:08,0,9999,0,9999
2024-12-19T10:39:46,0,9999,0,9999
2024-12-19T11:13:34,0,9999,0,9999
2024-12-19T11:47:09,0,9999,0,9999
2024-12-19T12:21:01,0,9999,0,9999
2024-12-19T12:54:40,0,9999,0,9999
2024-12-19T13:28:29,0,9999,0,9999
2024-12-19T14:02:05,0,9999,0,9999
2024-12-19T14:35:54,0,9999,0,9999
2024-12-19T15:09:30,0,9999,0,9999
2024-12-19T15:43:08,0,9999,0,9999
2024-12-19T16:16:58,0,9999,0,9999
2024-12-19T16:50:38,0,9999,0,9999
2024-12-19T17:24:26,0,9999,0,9999
2024-12-19T17:58:02,0,9999,0,9999
2024-12-19T18:31:44,0,9999,0,9999
2024-12-19T19:05:34,0,9999,0,9999
2024-12-19T19:39:11,0,9999,0,9999
2024-12-19T20:13:01,0,9999,0,9999
2024-12-19T20:46:39,0,9999,0,9999
2024-12-19T21:20:20,0,9999,0,9999
2024-12-19T21:54:10,0,9999,0,9999
2024-12-19T22:27:50,0,9999,0,9999
2024-12-19T23:01:39,0,9999,0,9999
2024-12-19T23:35:29,0,9999,0,9999
2024-12-20T00:09:12,0,9999,0,9999
2024-12-20T00:43:12,0,9999,0,9999
2024-12-20T01:16:57,0,9999,0,9999
2024-12-20T01:50:40,0,9999,0,9999
2024-12-20T02:24:23,0,9999,0,9999
2024-12-20T02:58:06,0,9999,0,9999
2024-12-20T03:32:02,0,9999,0,9999
2024-12-20T04:05:52,0,9999,0,9999
2024-12-20T04:26:23,0,9999,0,9999
2024-12-20T05:00:29,0,9999,0,9999
2024-12-20T05:34:11,0,9999,0,9999
2024-12-20T06:07:52,0,9999,0,9999
2024-12-20T06:41:30,0,9999,0,9999
2024-12-20T07:15:10,0,9999,0,9999
2024-12-20T07:48:57,0,9999,0,9999
2024-12-20T08:22:35,0,9999,0,9999
2024-12-20T08:56:13,0,9999,0,9999
2024-12-20T09:29:53,0,9999,0,9999
2024-12-20T10:03:39,0,9999,0,9999
2024-12-20T10:37:17,0,9999,0,9999
2024-12-20T11:10:54,0,9999,0,9999
2024-12-20T11:44:42,0,9999,0,9999
2024-12-20T12:18:19,0,9999,0,9999
2024-12-20T12:52:06,0,9999,0,9999
2024-12-20T13:25:43,0,9999,0,9999
2024-12-20T13:59:20,0,9999,0,9999
2024-12-20T14:33:08,0,9999,0,9999
2024-12-20T15:06:47,0,9999,0,9999
2024-12-20T15:40:34,0,9999,0,9999
2024-12-20T16:14:14,0,9999,0,9999
2024-12-20T16:47:52,0,9999,0,9999
2024-12-20T17:21:39,0,9999,0,9999
2024-12-20T17:55:18,0,9999,0,9999
2024-12-20T18:29:05,0,9999,0,9999
2024-12-20T19:02:43,0,9999,0,9999
2024-12-20T19:36:23,0,9999,0,9999
2024-12-20T20:10:01,0,9999,0,9999
2024-12-20T20:43:50,0,9999,0,9999
2024-12-20T21:17:28,0,9999,0,9999
2024-12-20T21:51:08,0,9999,0,9999
2024-12-20T22:25:03,0,9999,0,9999
2024-12-20T22:58:41,0,9999,0,9999
2024-12-20T23:32:24,0,9999,0,9999
2024-12-21T00:06:04,0,9999,0,9999
2024-12-21T00:39:59,0,9999,0,9999
2024-12-21T01:13:41,0,9999,0,9999
2024-12-21T01:47:21,0,9999,0,9999
2024-12-21T02:21:08,0,9999,0,9999
2024-12-21T02:54:51,0,9999,0,9999
2024-12-21T03:28:42,0,9999,0,9999
2024-12-21T04:02:23,0,9999,0,9999
2024-12-21T04:31:11,0,9999,0,9999
2024-12-21T05:05:16,0,9999,0,9999
2024-12-21T05:38:58,0,9999,0,9999
2024-12-21T06:12:40,0,9999,0,9999
2024-12-21T06:46:22,0,9999,0,9999
2024-12-21T07:20:11,0,9999,0,9999
2024-12-21T07:53:57,0,9999,0,9999
2024-12-21T08:27:35,0,9999,0,9999
2024-12-21T09:01:13,0,9999,0,9999
2024-12-21T09:34:51,0,9999,0,9999
2024-12-21T10:08:38,0,9999,0,9999
2024-12-21T10:42:16,0,9999,0,9999
2024-12-21T11:15:55,0,9999,0,9999
2024-12-21T11:49:33,0,9999,0,9999
2024-12-21T12:23:20,0,9999,0,9999
2024-12-21T12:56:57,0,9999,0,9999
2024-12-21T13:30:35,0,9999,0,9999
2024-12-21T14:04:13,0,9999,0,9999
2024-12-21T14:38:00,0,9999,0,9999
2024-12-21T15:11:39,0,9999,0,9999
2024-12-21T15:45:16,0,9999,0,9999
2024-12-21T16:19:04,0,9999,0,9999
2024-12-21T16:52:43,0,9999,0,9999
2024-12-21T17:26:21,0,9999,0,9999
2024-12-21T17:59:59,0,9999,0,9999
2024-12-21T18:33:39,0,9999,0,9999
2024-12-21T19:07:25,0,9999,0,9999
2024-12-21T19:41:03,0,9999,0,9999
2024-12-21T20:14:40,0,9999,0,9999
2024-12-21T20:48:17,0,9999,0,9999
2024-12-21T21:22:06,0,9999,0,9999
2024-12-21T21:55:45,0,9999,0,9999
2024-12-21T22:29:23,0,9999,0,9999
2024-12-21T23:03:01,0,9999,0,9999
2024-12-21T23:36:40,0,9999,0,9999
2024-12-22T00:10:30,0,9999,0,9999
2024-12-22T00:44:17,0,9999,0,9999
2024-12-22T01:17:59,0,9999,0,9999
2024-12-22T01:51:40,0,9999,0,9999
2024-12-22T02:25:23,0,9999,0,9999
2024-12-22T02:59:13,0,9999,0,9999
2024-12-22T03:32:55,0,9999,0,9999
2024-12-22T04:06:36,0,9999,0,9999
2024-12-22T04:24:00,0,9999,0,9999
2024-12-22T04:58:09,0,9999,0,9999
2024-12-22T05:31:52,0,9999,0,9999
2024-12-22T06:05:35,0,9999,0,9999
2024-12-22T06:39:20,0,9999,0,9999
2024-12-22T07:13:01,0,9999,0,9999
2024-12-22T07:46:47,0,9999,0,9999
2024-12-22T08:20:29,0,9999,0,9999
2024-12-22T08:54:21,0,9999,0,9999
2024-12-22T09:28:07,0,9999,0,9999
2024-12-22T10:01:54,0,9999,0,9999
2024-12-22T10:35:40,0,9999,0,9999
2024-12-22T11:09:21,0,9999,0,9999
2024-12-22T11:43:15,0,9999,0,9999
2024-12-22T12:16:54,0,9999,0,9999
2024-12-22T12:50:32,0,9999,0,9999
2024-12-22T13:24:10,0,9999,0,9999
2024-12-22T13:57:48,0,9999,0,9999
2024-12-22T14:31:37,0,9999,0,9999
2024-12-22T15:05:15,0,9999,0,9999
2024-12-22T15:38:54,0,9999,0,9999
2024-12-22T16:12:44,0,9999,0,9999
2024-12-22T16:46:22,0,9999,0,9999
2024-12-22T17:20:00,0,9999,0,9999
2024-12-22T17:53:38,0,9999,0,9999
2024-12-22T18:27:16,0,9999,0,9999
2024-12-22T19:01:03,0,9999,0,9999
2024-12-22T19:34:42,0,9999,0,9999
2024-12-22T20:08:19,0,9999,0,9999
2024-12-22T20:41:57,0,9999,0,9999
2024-12-22T21:15:36,0,9999,0,9999
2024-12-22T21:49:29,0,9999,0,9999
2024-12-22T22:23:15,0,9999,0,9999
2024-12-22T22:56:55,0,9999,0,9999
2024-12-22T23:30:35,0,9999,0,9999
2024-12-23T00:04:23,0,9999,0,9999
2024-12-23T00:38:11,0,9999,0,9999
2024-12-23T01:12:00,0,9999,0,9999
2024-12-23T01:45:44,0,9999,0,9999
2024-12-23T02:19:37,0,9999,0,9999
2024-12-23T02:53:27,0,9999,0,9999
2024-12-23T03:27:09,0,9999,0,9999
2024-12-23T04:00:49,0,9999,0,9999
2024-12-23T04:18:23,0,9999,0,9999
2024-12-23T04:52:30,0,9999,0,9999
2024-12-23T05:26:14,0,9999,0,9999
2024-12-23T05:59:58,0,9999,0,9999
2024-12-23T06:33:40,0,9999,0,9999
2024-12-23T07:07:26,0,9999,0,9999
2024-12-23T07:41:06,0,9999,0,9999
2024-12-23T08:14:52,0,9999,0,9999
2024-12-23T08:48:32,0,9999,0,9999
2024-12-23T09:22:12,0,9999,0,9999
2024-12-23T09:55:51,0,9999,0,9999
2024-12-23T10:29:32,0,9999,0,9999
2024-12-23T11:03:24,0,9999,0,9999
2024-12-23T11:37:06,0,9999,0,9999
2024-12-23T12:10:46,0,9999,0,9999
2024-12-23T12:44:24,0,9999,0,9999
2024-12-23T13:18:13,0,9999,0,9999
2024-12-23T13:51:52,0,9999,0,9999
2024-12-23T14:25:31,0,9999,0,9999
2024-12-23T14:59:20,0,9999,0,9999
2024-12-23T15:32:58,0,9999,0,9999
2024-12-23T16:06:37,0,9999,0,9999
2024-12-23T16:40:15,0,9999,0,9999
2024-12-23T17:14:04,0,9999,0,9999
2024-12-23T17:47:43,0,9999,0,9999
2024-12-23T18:21:21,0,9999,0,9999
2024-12-23T18:54:59,0,9999,0,9999
2024-12-23T19:28:38,0,9999,0,9999
2024-12-23T20:02:26,0,9999,0,9999
2024-12-23T20:36:04,0,9999,0,9999
2024-12-23T21:09:42,0,9999,0,9999
2024-12-23T21:43:25,0,9999,0,9999
2024-12-23T22:17:16,0,9999,0,9999
2024-12-23T22:50:55,0,9999,0,9999
2024-12-23T23:24:35,0,9999,0,9999
2024-12-23T23:58:23,0,9999,0,9999
2024-12-24T00:32:05,0,9999,0,9999
2024-12-24T01:05:49,0,9999,0,9999
2024-12-24T01:39:32,0,9999,0,9999
2024-12-24T02:13:33,0,9999,0,9999
2024-12-24T02:47:16,0,9999,0,9999
2024-12-24T03:20:57,0,9999,0,9999
2024-12-24T03:54:37,0,9999,0,9999
2024-12-24T04:30:14,0,9999,0,9999
2024-12-24T05:04:23,0,9999,0,9999
2024-12-24T05:38:05,0,9999,0,9999
2024-12-24T06:11:48,0,9999,0,9999
2024-12-24T06:45:31,0,9999,0,9999
2024-12-24T07:19:16,0,9999,0,9999
2024-12-24T07:52:55,0,9999,0,9999
2024-12-24T08:26:41,0,9999,0,9999
2024-12-24T09:00:19,0,9999,0,9999
2024-12-24T09:33:56,0,9999,0,9999
2024-12-24T10:07:34,0,9999,0,9999
2024-12-24T10:41:12,0,9999,0,9999
2024-12-24T11:14:50,0,9999,0,9999
2024-12-24T11:48:38,0,9999,0,9999
2024-12-24T12:22:16,0,9999,0,9999
2024-12-24T12:55:54,0,9999,0,9999
2024-12-24T13:29:33,0,9999,0,9999
2024-12-24T14:03:10,0,9999,0,9999
2024-12-24T14:37:00,0,9999,0,9999
2024-12-24T15:10:38,0,9999,0,9999
2024-12-24T15:44:16,0,9999,0,9999
2024-12-24T16:17:54,0,9999,0,9999
2024-12-24T16:51:32,0,9999,0,9999
2024-12-24T17:25:20,0,9999,0,9999
2024-12-24T17:58:58,0,9999,0,9999
2024-12-24T18:32:37,0,9999,0,9999
2024-12-24T19:06:15,0,9999,0,9999
2024-12-24T19:39:52,0,9999,0,9999
2024-12-24T20:13:30,0,9999,0,9999
2024-12-24T20:47:08,0,9999,0,9999
2024-12-24T21:20:58,0,9999,0,9999
2024-12-24T21:54:36,0,9999,0,9999
2024-12-24T22:28:13,0,9999,0,9999
2024-12-24T23:01:51,0,9999,0,9999
2024-12-24T23:35:31,0,9999,0,9999
2024-12-25T00:09:10,0,9999,0,9999
2024-12-25T00:42:53,0,9999,0,9999
2024-12-25T01:16:48,0,9999,0,9999
2024-12-25T01:50:33,0,9999,0,9999
2024-12-25T02:24:24,0,9999,0,9999
2024-12-25T02:58:06,0,9999,0,9999
2024-12-25T03:31:49,0,9999,0,9999
2024-12-25T04:05:31,0,9999,0,9999
2024-12-25T04:24:09,0,9999,0,9999
2024-12-25T04:58:10,0,9999,0,9999
2024-12-25T05:31:54,0,9999,0,9999
2024-12-25T06:05:38,0,9999,0,9999
2024-12-25T06:39:19,0,9999,0,9999
2024-12-25T07:13:02,0,9999,0,9999
2024-12-25T07:46:41,0,9999,0,9999
2024-12-25T08:20:19,0,9999,0,9999
2024-12-25T08:53:58,0,9999,0,9999
2024-12-25T09:27:42,0,9999,0,9999
2024-12-25T10:01:19,0,9999,0,9999
2024-12-25T10:34:57,0,9999,0,9999
2024-12-25T11:08:35,0,9999,0,9999
2024-12-25T11:42:14,0,9999,0,9999
2024-12-25T12:15:51,0,9999,0,9999
2024-12-25T12:49:29,0,9999,0,9999
2024-12-25T13:23:15,0,9999,0,9999
2024-12-25T13:56:53,0,9999,0,9999
2024-12-25T14:30:31,0,9999,0,9999
2024-12-25T15:04:08,0,9999,0,9999
2024-12-25T15:37:46,0,9999,0,9999
2024-12-25T16:11:35,0,9999,0,9999
2024-12-25T16:45:15,0,9999,0,9999
2024-12-25T17:18:55,0,9999,0,9999
2024-12-25T17:52:33,0,9999,0,9999
2024-12-25T18:26:11,0,9999,0,9999
2024-12-25T18:59:49,0,9999,0,9999
2024-12-25T19:33:36,0,9999,0,9999
2024-12-25T20:07:15,0,9999,0,9999
2024-12-25T20:40:54,0,9999,0,9999
2024-12-25T21:14:32,0,9999,0,9999
2024-12-25T21:48:11,0,9999,0,9999
2024-12-25T22:21:49,0,9999,0,9999
2024-12-25T22:55:38,0,9999,0,9999
2024-12-25T23:29:17,0,9999,0,9999
2024-12-26T00:02:56,0,9999,0,9999
2024-12-26T00:36:41,0,9999,0,9999
2024-12-26T01:10:25,0,9999,0,9999
2024-12-26T01:44:06,0,9999,0,9999
2024-12-26T02:18:04,0,9999,0,9999
2024-12-26T02:51:54,0,9999,0,9999
2024-12-26T03:25:36,0,9999,0,9999
2024-12-26T03:59:17,0,9999,0,9999
2024-12-26T04:23:48,0,9999,0,9999
2024-12-26T04:59:02,0,9999,0,9999
2024-12-26T05:32:44,0,9999,0,9999
2024-12-26T06:06:28,0,9999,0,9999
2024-12-26T06:40:10,0,9999,0,9999
2024-12-26T07:13:56,0,9999,0,9999
2024-12-26T07:47:34,0,9999,0,9999
2024-12-26T08:21:12,0,9999,0,9999
2024-12-26T08:54:58,0,9999,0,9999
2024-12-26T09:28:35,0,9999,0,9999
2024-12-26T10:02:13,0,9999,0,9999
2024-12-26T10:35:51,0,9999,0,9999
2024-12-26T11:09:29,0,9999,0,9999
2024-12-26T11:43:25,0,9999,0,9999
2024-12-26T12:17:03,0,9999,0,9999
2024-12-26T12:50:41,0,9999,0,9999
2024-12-26T13:24:19,0,9999,0,9999
2024-12-26T13:58:05,0,9999,0,9999
2024-12-26T14:31:43,0,9999,0,9999
2024-12-26T15:05:21,0,9999,0,9999
2024-12-26T15:39:16,0,9999,0,9999
2024-12-26T16:12:54,0,9999,0,9999
2024-12-26T16:46:32,0,9999,0,9999
2024-12-26T17:20:42,0,9999,0,9999
2024-12-26T17:55:05,0,9999,0,9999
2024-12-26T18:28:52,0,9999,0,9999
2024-12-26T19:03:15,0,9999,0,9999
2024-12-26T19:36:52,0,9999,0,9999
2024-12-26T20:10:30,0,9999,0,9999
2024-12-26T20:44:07,0,9999,0,9999
2024-12-26T21:17:45,0,9999,0,9999
2024-12-26T21:51:41,0,9999,0,9999
2024-12-26T22:25:19,0,9999,0,9999
2024-12-26T22:58:56,0,9999,0,9999
2024-12-26T23:32:35,0,9999,0,9999
2024-12-27T00:06:15,0,9999,0,9999
2024-12-27T00:40:09,0,9999,0,9999
2024-12-27T01:13:52,0,9999,0,9999
2024-12-27T01:47:35,0,9999,0,9999
2024-12-27T02:21:23,0,9999,0,9999
2024-12-27T02:55:05,0,9999,0,9999
2024-12-27T03:28:56,0,9999,0,9999
2024-12-27T04:02:45,0,9999,0,9999
2024-12-28T15:14:38,0,9999,0,9999
2024-12-28T15:48:19,0,9999,0,9999
2024-12-28T16:22:08,0,9999,0,9999
2024-12-28T16:55:47,0,9999,0,9999
2024-12-28T17:29:28,0,9999,0,9999
2024-12-28T18:03:07,0,9999,0,9999
2024-12-28T18:36:48,0,9999,0,9999
2024-12-28T19:10:38,0,9999,0,9999
2024-12-28T19:44:17,0,9999,0,9999
2024-12-28T20:17:57,0,9999,0,9999
2024-12-28T20:51:37,0,9999,0,9999
2024-12-28T21:25:18,0,9999,0,9999
2024-12-28T21:59:07,0,9999,0,9999
2024-12-28T22:32:47,0,9999,0,9999
2024-12-28T23:06:27,0,9999,0,9999
2024-12-28T23:40:08,0,9999,0,9999
2024-12-29T00:13:51,0,9999,0,9999
2024-12-29T00:47:46,0,9999,0,9999
2024-12-29T01:21:31,0,9999,0,9999
2024-12-29T01:55:16,0,9999,0,9999
2024-12-29T02:29:02,0,9999,0,9999
2024-12-29T03:02:48,0,9999,0,9999
2024-12-29T03:36:33,0,9999,0,9999
2024-12-29T04:21:12,0,9999,0,9999
2024-12-29T04:55:16,0,9999,0,9999
2024-12-29T05:29:01,0,9999,0,9999
2024-12-29T06:02:46,0,9999,0,9999
2024-12-29T06:36:34,0,9999,0,9999
2024-12-29T07:10:18,0,9999,0,9999
2024-12-29T07:44:02,0,9999,0,9999
2024-12-29T08:17:45,0,9999,0,9999
2024-12-29T08:51:32,0,9999,0,9999
2024-12-29T09:25:29,0,9999,0,9999
2024-12-29T09:59:20,0,9999,0,9999
2024-12-29T10:33:09,0,9999,0,9999
2024-12-29T11:06:53,0,9999,0,9999
2024-12-29T11:40:35,0,9999,0,9999
2024-12-29T12:14:18,0,9999,0,9999
2024-12-29T12:48:08,0,9999,0,9999
2024-12-29T13:21:46,0,9999,0,9999
2024-12-29T13:55:26,0,9999,0,9999
2024-12-29T14:29:16,0,9999,0,9999
2024-12-29T15:02:56,0,9999,0,9999
2024-12-29T15:36:39,0,9999,0,9999
2024-12-29T16:10:20,0,9999,0,9999
2024-12-29T16:43:59,0,9999,0,9999
2024-12-29T17:17:56,0,9999,0,9999
2024-12-29T17:51:35,0,9999,0,9999
2024-12-29T18:25:14,0,9999,0,9999
2024-12-29T18:58:53,0,9999,0,9999
2024-12-29T19:32:33,0,9999,0,9999
2024-12-29T20:06:14,0,9999,0,9999
2024-12-29T20:40:02,0,9999,0,9999
2024-12-29T21:13:42,0,9999,0,9999
2024-12-29T21:47:28,0,9999,0,9999
2024-12-29T22:21:17,0,9999,0,9999
2024-12-29T22:55:12,0,9999,0,9999
2024-12-29T23:28:53,0,9999,0,9999
2024-12-30T00:02:33,0,9999,0,9999
2024-12-30T00:36:25,0,9999,0,9999
2024-12-30T01:10:20,0,9999,0,9999
2024-12-30T01:44:17,0,9999,0,9999
2024-12-30T02:18:09,0,9999,0,9999
2024-12-30T02:51:51,0,9999,0,9999
2024-12-30T03:25:35,0,9999,0,9999
2024-12-30T03:59:17,0,9999,0,9999
2024-12-30T04:27:59,0,9999,0,9999
2024-12-30T05:02:09,0,9999,0,9999
2024-12-30T05:35:59,0,9999,0,9999
2024-12-30T06:11:41,0,9999,0,9999
2024-12-30T06:45:25,0,9999,0,9999
2024-12-30T07:19:10,0,9999,0,9999
2024-12-30T07:52:49,0,9999,0,9999
2024-12-30T08:26:29,0,9999,0,9999
2024-12-30T09:00:19,0,9999,0,9999
2024-12-30T09:33:58,0,9999,0,9999
2024-12-30T10:07:37,0,9999,0,9999
2024-12-30T10:41:15,0,9999,0,9999
2024-12-30T11:14:54,0,9999,0,9999
2024-12-30T11:48:43,0,9999,0,9999
2024-12-30T12:22:23,0,9999,0,9999
2024-12-30T12:56:02,0,9999,0,9999
2024-12-30T13:29:41,0,9999,0,9999
2024-12-30T14:03:28,0,9999,0,9999
2024-12-30T14:37:06,0,9999,0,9999
2024-12-30T15:10:45,0,9999,0,9999
2024-12-30T15:44:35,0,9999,0,9999
2024-12-30T16:18:14,0,9999,0,9999
2024-12-30T16:51:53,0,9999,0,9999
2024-12-30T17:25:42,0,9999,0,9999
2024-12-30T17:59:20,0,9999,0,9999
2024-12-30T18:32:59,0,9999,0,9999
2024-12-30T19:06:38,0,9999,0,9999
2024-12-30T19:40:27,0,9999,0,9999
2024-12-30T20:14:06,0,9999,0,9999
2024-12-30T20:47:44,0,9999,0,9999
2024-12-30T21:21:24,0,9999,0,9999
2024-12-30T21:55:13,0,9999,0,9999
2024-12-30T22:28:54,0,9999,0,9999
2024-12-30T23:02:33,0,9999,0,9999
2024-12-30T23:36:13,0,9999,0,9999
2024-12-31T00:09:54,0,9999,0,9999
2024-12-31T00:43:42,0,9999,0,9999
2024-12-31T01:17:37,0,9999,0,9999
2024-12-31T01:51:20,0,9999,0,9999
2024-12-31T02:25:11,0,9999,0,9999
2024-12-31T02:58:53,0,9999,0,9999
2024-12-31T03:32:36,0,9999,0,9999
2024-12-31T04:07:06,0,9999,0,9999
2024-12-31T04:24:31,0,9999,0,9999
2024-12-31T04:58:34,0,9999,0,9999
2024-12-31T05:32:23,0,9999,0,9999
2024-12-31T06:06:08,0,9999,0,9999
2024-12-31T06:39:52,0,9999,0,9999
2024-12-31T07:13:40,0,9999,0,9999
2024-12-31T07:47:18,0,9999,0,9999
2024-12-31T08:20:58,0,9999,0,9999
2024-12-31T08:54:52,0,9999,0,9999
2024-12-31T09:28:32,0,9999,0,9999
2024-12-31T10:02:12,0,9999,0,9999
2024-12-31T10:35:52,0,9999,0,9999
2024-12-31T11:09:32,0,9999,0,9999
2024-12-31T11:43:15,0,9999,0,9999
2024-12-31T12:17:06,0,9999,0,9999
2024-12-31T12:50:49,0,9999,0,9999
2024-12-31T13:24:30,0,9999,0,9999
2024-12-31T13:58:14,0,9999,0,9999
2024-12-31T14:31:53,0,9999,0,9999
2024-12-31T15:05:46,0,9999,0,9999
2024-12-31T15:39:27,0,9999,0,9999
2024-12-31T16:13:11,0,9999,0,9999
2024-12-31T16:46:53,0,9999,0,9999
2024-12-31T17:20:34,0,9999,0,9999
2024-12-31T17:54:14,0,9999,0,9999
2024-12-31T18:28:05,0,9999,0,9999
2024-12-31T19:01:45,0,9999,0,9999
2024-12-31T19:35:27,0,9999,0,9999
2024-12-31T20:09:07,0,9999,0,9999
2024-12-31T20:42:47,0,9999,0,9999
2024-12-31T21:16:39,0,9999,0,9999
2024-12-31T21:50:27,0,9999,0,9999
2024-12-31T22:24:08,0,9999,0,9999
2024-12-31T22:57:47,0,9999,0,9999
2024-12-31T23:31:28,0,9999,0,9999
2025-01-01T00:05:10,0,9999,0,9999
2025-01-01T00:39:07,0,9999,0,9999
2025-01-01T01:12:52,0,9999,0,9999
2025-01-01T01:46:35,0,9999,0,9999
2025-01-01T02:20:25,0,9999,0,9999
2025-01-01T02:54:12,0,9999,0,9999
2025-01-01T03:27:55,0,9999,0,9999
2025-01-01T04:01:39,0,9999,0,9999
2025-01-01T04:28:00,0,9999,0,9999
2025-01-01T05:02:09,0,9999,0,9999
2025-01-01T05:36:18,0,9999,0,9999
2025-01-01T06:11:24,0,9999,0,9999
2025-01-01T06:45:10,0,9999,0,9999
2025-01-01T07:18:57,0,9999,0,9999
2025-01-01T07:52:36,0,9999,0,9999
2025-01-01T08:26:16,0,9999,0,9999
2025-01-01T09:00:04,0,9999,0,9999
2025-01-01T09:33:43,0,9999,0,9999
2025-01-01T10:07:27,0,9999,0,9999
2025-01-01T10:41:07,0,9999,0,9999
2025-01-01T11:14:46,0,9999,0,9999
2025-01-01T11:48:28,0,9999,0,9999
2025-01-01T12:22:15,0,9999,0,9999
2025-01-01T12:55:53,0,9999,0,9999
2025-01-01T13:29:31,0,9999,0,9999
2025-01-01T14:03:10,0,9999,0,9999
2025-01-01T14:37:00,0,9999,0,9999
2025-01-01T15:10:40,0,9999,0,9999
2025-01-01T15:44:18,0,9999,0,9999
2025-01-01T16:17:57,0,9999,0,9999
2025-01-01T16:51:45,0,9999,0,9999
2025-01-01T17:25:24,0,9999,0,9999
2025-01-01T17:59:04,0,9999,0,9999
2025-01-01T18:32:43,0,9999,0,9999
2025-01-01T19:06:31,0,9999,0,9999
2025-01-01T19:40:09,0,9999,0,9999
2025-01-01T20:13:49,0,9999,0,9999
2025-01-01T20:47:28,0,9999,0,9999
2025-01-01T21:21:20,0,9999,0,9999
2025-01-01T21:55:00,0,9999,0,9999
2025-01-01T22:28:39,0,9999,0,9999
2025-01-01T23:02:18,0,9999,0,9999
2025-01-01T23:36:07,0,9999,0,9999
2025-01-02T00:09:47,0,9999,0,9999
2025-01-02T00:43:33,0,9999,0,9999
2025-01-02T01:17:18,0,9999,0,9999
2025-01-02T01:51:00,0,9999,0,9999
2025-01-02T02:24:57,0,9999,0,9999
2025-01-02T02:58:40,0,9999,0,9999
2025-01-02T03:32:22,0,9999,0,9999
2025-01-02T04:31:48,0,9999,0,9999
2025-01-02T05:05:34,0,9999,0,9999
2025-01-02T05:39:21,0,9999,0,9999
2025-01-02T06:13:05,0,9999,0,9999
2025-01-02T06:46:47,0,9999,0,9999
2025-01-02T07:20:28,0,9999,0,9999
2025-01-02T07:54:07,0,9999,0,9999
2025-01-02T08:27:54,0,9999,0,9999
2025-01-02T09:01:33,0,9999,0,9999
2025-01-02T09:35:12,0,9999,0,9999
2025-01-02T10:08:51,0,9999,0,9999
2025-01-02T10:42:44,0,9999,0,9999
2025-01-02T11:16:23,0,9999,0,9999
2025-01-02T11:50:13,0,9999,0,9999
2025-01-02T12:23:52,0,9999,0,9999
2025-01-02T12:57:40,0,9999,0,9999
2025-01-02T13:31:19,0,9999,0,9999
2025-01-02T14:04:57,0,9999,0,9999
2025-01-02T14:38:46,0,9999,0,9999
2025-01-02T15:12:25,0,9999,0,9999
2025-01-02T15:46:06,0,9999,0,9999
2025-01-02T16:19:56,0,9999,0,9999
2025-01-02T16:53:36,0,9999,0,9999
2025-01-02T17:27:25,0,9999,0,9999
2025-01-02T18:01:04,0,9999,0,9999
2025-01-02T18:34:43,0,9999,0,9999
2025-01-02T19:08:32,0,9999,0,9999
2025-01-02T19:42:12,0,9999,0,9999
2025-01-02T20:15:51,0,9999,0,9999
2025-01-02T20:49:40,0,9999,0,9999
2025-01-02T21:23:21,0,9999,0,9999
2025-01-02T21:57:00,0,9999,0,9999
2025-01-02T22:30:51,0,9999,0,9999
2025-01-02T23:04:31,0,9999,0,9999
2025-01-02T23:38:11,0,9999,0,9999
2025-01-03T00:12:01,0,9999,0,9999
2025-01-03T00:45:46,0,9999,0,9999
2025-01-03T01:19:31,0,9999,0,9999
2025-01-03T01:53:16,0,9999,0,9999
2025-01-03T02:27:01,0,9999,0,9999
2025-01-03T03:00:53,0,9999,0,9999
2025-01-03T03:34:36,0,9999,0,9999
2025-01-03T04:10:37,0,9999,0,9999
2025-01-03T04:28:33,0,9999,0,9999
2025-01-03T05:02:46,0,9999,0,9999
2025-01-03T05:36:32,0,9999,0,9999
2025-01-03T06:10:27,0,9999,0,9999
2025-01-03T06:44:15,0,9999,0,9999
2025-01-03T07:18:00,0,9999,0,9999
2025-01-03T07:51:43,0,9999,0,9999
2025-01-03T08:25:34,0,9999,0,9999
2025-01-03T08:59:18,0,9999,0,9999
2025-01-03T09:32:58,0,9999,0,9999
2025-01-03T10:06:52,0,9999,0,9999
2025-01-03T10:40:35,0,9999,0,9999
2025-01-03T11:14:28,0,9999,0,9999
2025-01-03T11:48:25,0,9999,0,9999
2025-01-03T12:22:07,0,9999,0,9999
2025-01-03T12:55:59,0,9999,0,9999
2025-01-03T13:29:41,0,9999,0,9999
2025-01-03T14:03:32,0,9999,0,9999
2025-01-03T14:37:23,0,9999,0,9999
2025-01-03T15:11:05,0,9999,0,9999
2025-01-03T15:44:55,0,9999,0,9999
2025-01-03T16:18:37,0,9999,0,9999
2025-01-03T16:52:27,0,9999,0,9999
2025-01-03T17:26:09,0,9999,0,9999
2025-01-03T18:00:01,0,9999,0,9999
2025-01-03T18:33:44,0,9999,0,9999
2025-01-03T19:07:26,0,9999,0,9999
2025-01-03T19:41:16,0,9999,0,9999
2025-01-03T20:14:57,0,9999,0,9999
2025-01-03T20:48:39,0,9999,0,9999
2025-01-03T21:22:42,0,9999,0,9999
2025-01-03T21:56:24,0,9999,0,9999
2025-01-03T22:30:07,0,9999,0,9999
2025-01-03T23:03:59,0,9999,0,9999
2025-01-03T23:37:41,0,9999,0,9999
2025-01-04T00:11:25,0,9999,0,9999
2025-01-04T00:45:24,0,9999,0,9999
2025-01-04T01:19:10,0,9999,0,9999
2025-01-04T01:53:01,0,9999,0,9999
2025-01-04T02:26:48,0,9999,0,9999
2025-01-04T03:00:30,0,9999,0,9999
2025-01-04T03:34:13,0,9999,0,9999
2025-01-04T04:08:42,0,9999,0,9999
2025-01-04T04:23:09,0,9999,0,9999
2025-01-04T04:58:39,0,9999,0,9999
2025-01-04T05:32:25,0,9999,0,9999
2025-01-04T06:06:10,0,9999,0,9999
2025-01-04T06:39:56,0,9999,0,9999
2025-01-04T07:13:41,0,9999,0,9999
2025-01-04T07:47:35,0,9999,0,9999
2025-01-04T08:21:20,0,9999,0,9999
2025-01-04T08:55:04,0,9999,0,9999
2025-01-04T09:28:46,0,9999,0,9999
2025-01-04T10:02:35,0,9999,0,9999
2025-01-04T10:36:16,0,9999,0,9999
2025-01-04T11:09:56,0,9999,0,9999
2025-01-04T11:43:37,0,9999,0,9999
2025-01-04T12:17:26,0,9999,0,9999
2025-01-04T12:51:06,0,9999,0,9999
2025-01-04T13:24:58,0,9999,0,9999
2025-01-04T13:58:39,0,9999,0,9999
2025-01-04T14:32:31,0,9999,0,9999
2025-01-04T15:06:11,0,9999,0,9999
2025-01-04T15:40:00,0,9999,0,9999
2025-01-04T16:13:42,0,9999,0,9999
2025-01-04T16:47:31,0,9999,0,9999
2025-01-04T17:21:12,0,9999,0,9999
2025-01-04T17:54:53,0,9999,0,9999
2025-01-04T18:28:43,0,9999,0,9999
2025-01-04T19:02:24,0,9999,0,9999
2025-01-04T19:36:15,0,9999,0,9999
2025-01-04T20:09:55,0,9999,0,9999
2025-01-04T20:43:36,0,9999,0,9999
2025-01-04T21:17:28,0,9999,0,9999
2025-01-04T21:51:10,0,9999,0,9999
2025-01-04T22:24:51,0,9999,0,9999
2025-01-04T22:58:40,0,9999,0,9999
2025-01-04T23:32:23,0,9999,0,9999
2025-01-05T00:06:04,0,9999,0,9999
2025-01-05T00:40:00,0,9999,0,9999
2025-01-05T01:13:45,0,9999,0,9999
2025-01-05T01:47:31,0,9999,0,9999
2025-01-05T02:21:18,0,9999,0,9999
2025-01-05T02:55:03,0,9999,0,9999
2025-01-05T03:28:58,0,9999,0,9999
2025-01-05T04:02:43,0,9999,0,9999
2025-01-05T04:23:31,0,9999,0,9999
2025-01-05T04:57:42,0,9999,0,9999
2025-01-05T05:31:28,0,9999,0,9999
2025-01-05T06:05:14,0,9999,0,9999
2025-01-05T06:38:59,0,9999,0,9999
2025-01-05T07:12:44,0,9999,0,9999
2025-01-05T07:46:32,0,9999,0,9999
2025-01-05T08:20:15,0,9999,0,9999
2025-01-05T08:54:09,0,9999,0,9999
2025-01-05T09:27:52,0,9999,0,9999
2025-01-05T10:01:37,0,9999,0,9999
2025-01-05T10:35:23,0,9999,0,9999
2025-01-05T11:09:18,0,9999,0,9999
2025-01-05T11:43:17,0,9999,0,9999
2025-01-05T12:16:58,0,9999,0,9999
2025-01-05T12:50:39,0,9999,0,9999
2025-01-05T13:24:29,0,9999,0,9999
2025-01-05T13:58:19,0,9999,0,9999
2025-01-05T14:32:00,0,9999,0,9999
2025-01-05T15:05:49,0,9999,0,9999
2025-01-05T15:39:38,0,9999,0,9999
2025-01-05T16:13:19,0,9999,0,9999
2025-01-05T16:47:09,0,9999,0,9999
2025-01-05T17:21:00,0,9999,0,9999
2025-01-05T17:54:41,0,9999,0,9999
2025-01-05T18:28:33,0,9999,0,9999
2025-01-05T19:02:28,0,9999,0,9999
2025-01-05T19:36:19,0,9999,0,9999
2025-01-05T20:10:11,0,9999,0,9999
2025-01-05T20:44:05,0,9999,0,9999
2025-01-05T21:17:59,0,9999,0,9999
2025-01-05T21:51:55,0,9999,0,9999
2025-01-05T22:25:47,0,9999,0,9999
2025-01-05T22:59:39,0,9999,0,9999
2025-01-05T23:33:20,0,9999,0,9999
2025-01-06T00:07:25,0,9999,0,9999
2025-01-06T00:41:26,0,9999,0,9999
2025-01-06T01:15:16,0,9999,0,9999
2025-01-06T01:49:12,0,9999,0,9999
2025-01-06T02:22:57,0,9999,0,9999
2025-01-06T02:56:50,0,9999,0,9999
2025-01-06T03:30:35,0,9999,0,9999
2025-01-06T04:04:19,0,9999,0,9999
2025-01-06T04:21:01,0,9999,0,9999
2025-01-06T04:56:26,0,9999,0,9999
2025-01-06T05:30:09,0,9999,0,9999
2025-01-06T06:03:51,0,9999,0,9999
2025-01-06T06:37:33,0,9999,0,9999
2025-01-06T07:11:29,0,9999,0,9999
2025-01-06T07:45:14,0,9999,0,9999
2025-01-06T08:19:11,0,9999,0,9999
2025-01-06T08:53:09,0,9999,0,9999
2025-01-06T09:27:01,0,9999,0,9999
2025-01-06T10:01:09,0,9999,0,9999
2025-01-06T10:35:19,0,9999,0,9999
2025-01-06T11:09:25,0,9999,0,9999
2025-01-06T11:43:33,0,9999,0,9999
2025-01-06T12:17:37,0,9999,0,9999
2025-01-06T12:54:45,0,9999,0,9999
2025-01-06T13:29:06,0,9999,0,9999
2025-01-06T14:03:00,0,9999,0,9999
2025-01-06T14:37:08,0,9999,0,9999
2025-01-06T15:11:04,0,9999,0,9999
2025-01-06T15:45:15,0,9999,0,9999
2025-01-06T16:19:08,0,9999,0,9999
2025-01-06T16:53:03,0,9999,0,9999
2025-01-06T17:27:07,0,9999,0,9999
2025-01-06T18:01:01,0,9999,0,9999
2025-01-06T18:34:55,0,9999,0,9999
2025-01-06T19:08:48,0,9999,0,9999
2025-01-06T19:42:39,0,9999,0,9999
2025-01-06T20:16:21,0,9999,0,9999
2025-01-06T20:50:14,0,9999,0,9999
2025-01-06T21:24:10,0,9999,0,9999
2025-01-06T21:58:06,0,9999,0,9999
2025-01-06T22:31:53,0,9999,0,9999
2025-01-06T23:05:48,0,9999,0,9999
2025-01-06T23:39:43,0,9999,0,9999
2025-01-07T00:13:31,0,9999,0,9999
2025-01-07T00:47:41,0,9999,0,9999
2025-01-07T01:21:33,0,9999,0,9999
2025-01-07T01:55:28,0,9999,0,9999
2025-01-07T02:29:29,0,9999,0,9999
2025-01-07T03:03:16,0,9999,0,9999
2025-01-07T03:37:03,0,9999,0,9999
2025-01-07T04:13:18,0,9999,0,9999
2025-01-07T04:27:18,0,9999,0,9999
2025-01-07T05:01:33,0,9999,0,9999
2025-01-07T05:35:28,0,9999,0,9999
2025-01-07T06:09:20,0,9999,0,9999
2025-01-07T06:43:08,0,9999,0,9999
2025-01-07T07:17:00,0,9999,0,9999
2025-01-07T07:50:56,0,9999,0,9999
2025-01-07T08:24:44,0,9999,0,9999
2025-01-07T08:58:42,0,9999,0,9999
2025-01-07T09:32:38,0,9999,0,9999
2025-01-07T10:06:49,0,9999,0,9999
2025-01-07T10:40:49,0,9999,0,9999
2025-01-07T11:14:50,0,9999,0,9999
2025-01-07T11:49:09,0,9999,0,9999
2025-01-07T12:23:19,0,9999,0,9999
2025-01-07T12:57:23,0,9999,0,9999
2025-01-07T13:31:37,0,9999,0,9999
2025-01-07T14:05:39,0,9999,0,9999
2025-01-07T14:39:53,0,9999,0,9999
2025-01-07T15:13:53,0,9999,0,9999
2025-01-07T15:48:02,0,9999,0,9999
2025-01-07T16:21:59,0,9999,0,9999
2025-01-07T16:55:56,0,9999,0,9999
2025-01-07T17:30:09,0,9999,0,9999
2025-01-07T18:04:08,0,9999,0,9999
2025-01-07T18:38:05,0,9999,0,9999
2025-01-07T19:12:03,0,9999,0,9999
2025-01-07T19:45:49,0,9999,0,9999
2025-01-07T20:19:44,0,9999,0,9999
2025-01-07T20:53:42,0,9999,0,9999
2025-01-07T21:27:28,0,9999,0,9999
2025-01-07T22:01:25,0,9999,0,9999
2025-01-07T22:35:22,0,9999,0,9999
2025-01-07T23:09:09,0,9999,0,9999
2025-01-07T23:43:07,0,9999,0,9999
2025-01-08T00:16:53,0,9999,0,9999
2025-01-08T00:51:23,0,9999,0,9999
2025-01-08T01:25:14,0,9999,0,9999
2025-01-08T01:59:16,0,9999,0,9999
2025-01-08T02:33:08,0,9999,0,9999
2025-01-08T03:06:59,0,9999,0,9999
2025-01-08T03:40:51,0,9999,0,9999
2025-01-08T04:24:52,0,9999,0,9999
2025-01-08T04:59:02,0,9999,0,9999
2025-01-08T05:32:54,0,9999,0,9999
2025-01-08T06:06:47,0,9999,0,9999
2025-01-08T06:40:40,0,9999,0,9999
2025-01-08T07:14:33,0,9999,0,9999
2025-01-08T07:48:28,0,9999,0,9999
2025-01-08T08:22:15,0,9999,0,9999
2025-01-08T08:56:13,0,9999,0,9999
2025-01-08T09:29:59,0,9999,0,9999
2025-01-08T10:03:57,0,9999,0,9999
2025-01-08T10:37:53,0,9999,0,9999
2025-01-08T11:11:50,1,9998,0,9999
2025-01-08T11:45:53,1,9998,0,9999
2025-01-08T12:19:52,1,9998,0,9999
2025-01-08T12:54:01,1,9998,0,9999
2025-01-08T13:28:01,1,9998,0,9999
2025-01-08T14:02:05,1,9998,0,9999
2025-01-08T14:36:04,1,9998,0,9999
2025-01-08T15:10:04,1,9998,0,9999
2025-01-08T15:43:53,1,9998,0,9999
2025-01-08T16:17:52,1,9998,0,9999
2025-01-08T16:51:51,1,9998,0,9999
2025-01-08T17:25:51,1,9998,0,9999
2025-01-08T17:59:51,1,9998,0,9999
2025-01-08T18:33:40,1,9998,0,9999
2025-01-08T19:07:38,1,9998,0,9999
2025-01-08T19:41:37,1,9998,0,9999
2025-01-08T20:15:25,1,9998,0,9999
2025-01-08T20:49:23,1,9998,0,9999
2025-01-08T21:23:13,1,9998,0,9999
2025-01-08T21:57:13,1,9998,0,9999
2025-01-08T22:31:05,1,9998,0,9999
2025-01-08T23:04:55,1,9998,0,9999
2025-01-08T23:38:55,1,9998,0,9999
2025-01-09T00:12:46,1,9998,0,9999
2025-01-09T00:46:45,1,9998,0,9999
2025-01-09T01:20:52,1,9998,0,9999
2025-01-09T01:54:47,1,9998,0,9999
2025-01-09T02:28:41,1,9998,0,9999
2025-01-09T03:02:30,1,9998,0,9999
2025-01-09T03:36:31,1,9998,0,9999
2025-01-09T04:11:47,1,9998,0,9999
2025-01-09T04:30:06,1,9998,0,9999
2025-01-09T05:04:21,1,9998,0,9999
2025-01-09T05:38:28,1,9998,0,9999
2025-01-09T06:12:29,1,9998,0,9999
2025-01-09T06:46:36,1,9998,0,9999
2025-01-09T07:20:33,1,9998,0,9999
2025-01-09T07:54:27,1,9998,0,9999
2025-01-09T08:28:19,1,9998,0,9999
2025-01-09T09:02:23,1,9998,0,9999
2025-01-09T09:36:15,1,9998,0,9999
2025-01-09T10:10:13,1,9998,0,9999
2025-01-09T10:44:17,1,9998,0,9999
2025-01-09T11:18:09,1,9998,0,9999
2025-01-09T11:52:12,1,9998,0,9999
2025-01-09T12:26:12,1,9998,0,9999
2025-01-09T13:00:13,1,9998,0,9999
2025-01-09T13:34:13,1,9998,0,9999
2025-01-09T14:08:14,1,9998,0,9999
2025-01-09T14:42:15,1,9998,0,9999
2025-01-09T15:16:18,1,9998,0,9999
2025-01-09T15:50:08,1,9998,0,9999
2025-01-09T16:24:09,1,9998,0,9999
2025-01-09T16:58:08,1,9998,0,9999
2025-01-09T17:31:59,1,9998,0,9999
2025-01-09T18:05:58,1,9998,0,9999
2025-01-09T18:39:48,1,9998,0,9999
2025-01-09T19:13:49,1,9998,0,9999
2025-01-09T19:47:49,1,9998,0,9999
2025-01-09T20:21:39,1,9998,0,9999
2025-01-09T20:55:29,1,9998,0,9999
2025-01-09T21:29:29,1,9998,0,9999
2025-01-09T22:03:20,1,9998,0,9999
2025-01-09T22:37:18,1,9998,0,9999
2025-01-09T23:11:08,1,9998,0,9999
2025-01-09T23:44:59,1,9998,0,9999
2025-01-10T00:18:54,1,9998,0,9999
2025-01-10T00:53:01,1,9998,0,9999
2025-01-10T01:26:59,1,9998,0,9999
2025-01-10T02:00:58,1,9998,0,9999
2025-01-10T02:34:56,1,9998,0,9999
2025-01-10T03:08:52,1,9998,0,9999
2025-01-10T03:42:50,1,9998,0,9999
2025-01-10T04:26:53,1,9998,0,9999
2025-01-10T05:01:16,1,9998,0,9999
2025-01-10T05:35:13,1,9998,0,9999
2025-01-10T06:09:10,1,9998,0,9999
2025-01-10T06:43:06,1,9998,0,9999
2025-01-10T07:17:02,1,9998,0,9999
2025-01-10T07:50:53,1,9998,0,9999
2025-01-10T08:24:53,1,9998,0,9999
2025-01-10T08:58:43,1,9998,0,9999
2025-01-10T09:32:34,1,9998,0,9999
2025-01-10T10:06:35,1,9998,0,9999
2025-01-10T10:40:25,1,9998,0,9999
2025-01-10T11:14:24,1,9998,0,9999
2025-01-10T11:48:23,1,9998,0,9999
2025-01-10T12:22:15,1,9998,0,9999
2025-01-10T12:56:13,1,9998,0,9999
2025-01-10T13:30:13,1,9998,0,9999
2025-01-10T14:04:02,1,9998,0,9999
2025-01-10T14:38:05,1,9998,0,9999
2025-01-10T15:12:07,1,9998,0,9999
2025-01-10T15:46:00,1,9998,0,9999
2025-01-10T16:20:02,1,9998,0,9999
2025-01-10T16:53:54,1,9998,0,9999
2025-01-10T17:27:57,1,9998,0,9999
2025-01-10T18:01:47,1,9998,0,9999
2025-01-10T18:35:49,1,9998,0,9999
2025-01-10T19:09:40,1,9998,0,9999
2025-01-10T19:43:31,1,9998,0,9999
2025-01-10T20:17:32,1,9998,0,9999
2025-01-10T20:51:23,1,9998,0,9999
2025-01-10T21:25:14,1,9998,0,9999
2025-01-10T21:59:17,1,9998,0,9999
2025-01-10T22:33:08,1,9998,0,9999
2025-01-10T23:07:00,1,9998,0,9999
2025-01-10T23:40:52,1,9998,0,9999
2025-01-11T00:14:48,1,9998,0,9999
2025-01-11T00:48:57,1,9998,0,9999
2025-01-11T01:22:56,1,9998,0,9999
2025-01-11T01:56:51,1,9998,0,9999
2025-01-11T02:30:43,1,9998,0,9999
2025-01-11T03:04:36,1,9998,0,9999
2025-01-11T03:38:31,1,9998,0,9999
2025-01-11T04:22:28,1,9998,0,9999
2025-01-11T04:56:46,1,9998,0,9999
2025-01-11T05:31:03,1,9998,0,9999
2025-01-11T06:05:00,1,9998,0,9999
2025-01-11T06:38:55,1,9998,0,9999
2025-01-11T07:12:52,1,9998,0,9999
2025-01-11T07:46:48,1,9998,0,9999
2025-01-11T08:20:59,1,9998,0,9999
2025-01-11T08:54:55,1,9998,0,9999
2025-01-11T09:28:49,1,9998,0,9999
2025-01-11T10:02:41,1,9998,0,9999
2025-01-11T10:36:31,1,9998,0,9999
2025-01-11T11:10:30,1,9998,0,9999
2025-01-11T11:44:21,1,9998,0,9999
2025-01-11T12:18:13,1,9998,0,9999
2025-01-11T12:52:20,1,9998,0,9999
2025-01-11T13:26:11,1,9998,0,9999
2025-01-11T14:00:02,1,9998,0,9999
2025-01-11T14:33:53,1,9998,0,9999
2025-01-11T15:07:53,1,9998,0,9999
2025-01-11T15:41:44,1,9998,0,9999
2025-01-11T16:15:37,1,9998,0,9999
2025-01-11T16:49:31,1,9998,0,9999
2025-01-11T17:23:40,1,9998,0,9999
2025-01-11T17:57:32,1,9998,0,9999
2025-01-11T18:31:23,1,9998,0,9999
2025-01-11T19:05:15,1,9998,0,9999
2025-01-11T19:39:22,1,9998,0,9999
2025-01-11T20:13:13,1,9998,0,9999
2025-01-11T20:47:05,1,9998,0,9999
2025-01-11T21:20:56,1,9998,0,9999
2025-01-11T21:54:49,1,9998,0,9999
2025-01-11T22:28:52,1,9998,0,9999
2025-01-11T23:02:44,1,9998,0,9999
2025-01-11T23:36:36,1,9998,0,9999
2025-01-12T00:10:28,1,9998,0,9999
2025-01-12T00:44:33,1,9998,0,9999
2025-01-12T01:18:28,1,9998,0,9999
2025-01-12T01:52:22,1,9998,0,9999
2025-01-12T02:26:18,1,9998,0,9999
2025-01-12T03:00:09,1,9998,0,9999
2025-01-12T03:34:04,1,9998,0,9999
2025-01-12T04:07:59,1,9998,0,9999
2025-01-12T04:24:28,1,9998,0,9999
2025-01-12T05:00:20,1,9998,0,9999
2025-01-12T05:34:38,1,9998,0,9999
2025-01-12T06:08:36,1,9998,0,9999
2025-01-12T06:42:34,1,9998,0,9999
2025-01-12T07:16:31,1,9998,0,9999
2025-01-12T07:50:30,1,9998,0,9999
2025-01-12T08:24:48,1,9998,0,9999
2025-01-12T08:58:44,1,9998,0,9999
2025-01-12T09:32:43,1,9998,0,9999
2025-01-12T10:06:43,1,9998,0,9999
2025-01-12T10:40:39,1,9998,0,9999
2025-01-12T11:14:33,1,9998,0,9999
2025-01-12T11:48:39,1,9998,0,9999
2025-01-12T12:22:31,1,9998,0,9999
2025-01-12T12:56:23,1,9998,0,9999
2025-01-12T13:30:15,1,9998,0,9999
2025-01-12T14:04:16,1,9998,0,9999
2025-01-12T14:38:39,1,9998,0,9999
2025-01-12T15:12:32,1,9998,0,9999
2025-01-12T15:46:31,1,9998,0,9999
2025-01-12T16:20:23,1,9998,0,9999
2025-01-12T16:54:13,1,9998,0,9999
2025-01-12T17:28:16,1,9998,0,9999
2025-01-12T18:02:07,1,9998,0,9999
2025-01-12T18:36:08,1,9998,0,9999
2025-01-12T19:10:40,1,9998,0,9999
2025-01-12T19:44:42,1,9998,0,9999
2025-01-12T20:18:33,1,9998,0,9999
2025-01-12T20:52:42,1,9998,0,9999
2025-01-12T21:26:38,1,9998,0,9999
2025-01-12T22:00:41,1,9998,0,9999
2025-01-12T22:34:34,1,9998,0,9999
2025-01-12T23:08:42,1,9998,0,9999
2025-01-12T23:42:39,1,9998,0,9999
2025-01-13T00:16:33,1,9998,0,9999
2025-01-13T00:50:45,1,9998,0,9999
2025-01-13T01:24:48,1,9998,0,9999
2025-01-13T01:58:46,1,9998,0,9999
2025-01-13T02:33:09,1,9998,0,9999
2025-01-13T03:07:04,1,9998,0,9999
2025-01-13T03:40:59,1,9998,0,9999
2025-01-13T04:30:03,1,9998,0,9999
2025-01-13T05:04:27,1,9998,0,9999
2025-01-13T05:38:26,1,9998,0,9999
2025-01-13T06:12:25,1,9998,0,9999
2025-01-13T06:46:45,1,9998,0,9999
2025-01-13T07:20:39,1,9998,0,9999
2025-01-13T07:54:32,1,9998,0,9999
2025-01-13T08:28:34,1,9998,0,9999
2025-01-13T09:02:26,1,9998,0,9999
2025-01-13T09:36:28,1,9998,0,9999
2025-01-13T10:10:31,1,9998,0,9999
2025-01-13T10:44:35,1,9998,0,9999
2025-01-13T11:18:38,1,9998,0,9999
2025-01-13T11:52:43,1,9998,0,9999
2025-01-13T12:26:46,1,9998,0,9999
2025-01-13T13:00:48,1,9998,0,9999
2025-01-13T13:34:40,1,9998,0,9999
2025-01-13T14:08:45,1,9998,0,9999
2025-01-13T14:42:50,1,9998,0,9999
2025-01-13T15:16:51,1,9998,0,9999
2025-01-13T15:50:53,1,9998,0,9999
2025-01-13T16:24:55,1,9998,0,9999
2025-01-13T16:58:47,1,9998,0,9999
2025-01-13T17:32:49,1,9998,0,9999
2025-01-13T18:06:40,1,9998,0,9999
2025-01-13T18:40:40,1,9998,0,9999
2025-01-13T19:14:31,1,9998,0,9999
2025-01-13T19:48:31,1,9998,0,9999
2025-01-13T20:22:22,1,9998,0,9999
2025-01-13T20:56:13,1,9998,0,9999
2025-01-13T21:30:17,1,9998,0,9999
2025-01-13T22:04:09,1,9998,0,9999
2025-01-13T22:38:00,1,9998,0,9999
2025-01-13T23:12:01,1,9998,0,9999
2025-01-13T23:45:54,1,9998,0,9999
2025-01-14T00:19:59,1,9998,0,9999
2025-01-14T00:53:56,1,9998,0,9999
2025-01-14T01:27:55,1,9998,0,9999
2025-01-14T02:01:54,1,9998,0,9999
2025-01-14T02:35:59,1,9998,0,9999
2025-01-14T03:09:51,1,9998,0,9999
2025-01-14T03:43:45,1,9998,0,9999
2025-01-14T04:25:47,1,9998,0,9999
2025-01-14T05:00:02,1,9998,0,9999
2025-01-14T05:34:03,1,9998,0,9999
2025-01-14T06:07:59,1,9998,0,9999
2025-01-14T06:41:57,1,9998,0,9999
2025-01-14T07:15:57,1,9998,0,9999
2025-01-14T07:49:50,1,9998,0,9999
2025-01-14T08:23:45,1,9998,0,9999
2025-01-14T08:57:47,1,9998,0,9999
2025-01-14T09:31:38,1,9998,0,9999
2025-01-14T10:05:37,1,9998,0,9999
2025-01-14T10:39:28,1,9998,0,9999
2025-01-14T11:13:34,1,9998,0,9999
2025-01-14T11:47:26,1,9998,0,9999
2025-01-14T12:21:29,1,9998,0,9999
2025-01-14T12:55:31,1,9998,0,9999
2025-01-14T13:29:24,1,9998,0,9999
2025-01-14T14:03:25,1,9998,0,9999
2025-01-14T14:37:28,1,9998,0,9999
2025-01-14T15:11:19,1,9998,0,9999
2025-01-14T15:45:23,1,9998,0,9999
2025-01-14T16:19:28,1,9998,0,9999
2025-01-14T16:53:18,1,9998,0,9999
2025-01-14T17:27:22,1,9998,0,9999
2025-01-14T18:01:14,1,9998,0,9999
2025-01-14T18:35:16,1,9998,0,9999
2025-01-14T19:09:09,1,9998,0,9999
2025-01-14T19:43:10,1,9998,0,9999
2025-01-14T20:17:01,1,9998,0,9999
2025-01-14T20:50:52,1,9998,0,9999
2025-01-14T21:24:54,1,9998,0,9999
2025-01-14T21:58:47,1,9998,0,9999
2025-01-14T22:32:40,1,9998,0,9999
2025-01-14T23:06:31,1,9998,0,9999
2025-01-14T23:40:33,1,9998,0,9999
2025-01-15T00:14:26,1,9998,0,9999
2025-01-15T00:48:24,1,9998,0,9999
2025-01-15T01:22:35,1,9998,0,9999
2025-01-15T01:56:38,1,9998,0,9999
2025-01-15T02:30:50,1,9998,0,9999
2025-01-15T03:04:46,1,9998,0,9999
2025-01-15T03:38:54,1,9998,0,9999
2025-01-15T04:14:20,1,9998,0,9999
2025-01-15T04:32:10,1,9998,0,9999
2025-01-15T05:06:31,1,9998,0,9999
2025-01-15T05:40:29,1,9998,0,9999
2025-01-15T06:14:26,1,9998,0,9999
2025-01-15T06:48:44,1,9998,0,9999
2025-01-15T07:22:41,1,9998,0,9999
2025-01-15T07:56:34,1,9998,0,9999
2025-01-15T08:30:50,1,9998,0,9999
2025-01-15T09:04:41,1,9998,0,9999
2025-01-15T09:38:44,1,9998,0,9999
2025-01-15T10:12:36,1,9998,0,9999
2025-01-15T10:46:36,1,9998,0,9999
2025-01-15T11:20:53,1,9998,0,9999
2025-01-15T11:54:46,1,9998,0,9999
2025-01-15T12:28:55,1,9998,0,9999
2025-01-15T13:02:58,1,9998,0,9999
2025-01-15T13:37:11,1,9998,0,9999
2025-01-15T14:11:17,1,9998,0,9999
2025-01-15T14:45:12,1,9998,0,9999
2025-01-15T15:19:13,1,9998,0,9999
2025-01-15T15:53:25,1,9998,0,9999
2025-01-15T16:27:19,1,9998,0,9999
2025-01-15T17:01:37,1,9998,0,9999
2025-01-15T17:35:30,1,9998,0,9999
2025-01-15T18:09:22,1,9998,0,9999
2025-01-15T18:43:24,1,9998,0,9999
2025-01-15T19:17:18,1,9998,0,9999
2025-01-15T19:51:20,1,9998,0,9999
2025-01-15T20:25:12,1,9998,0,9999
2025-01-15T20:59:05,1,9998,0,9999
2025-01-15T21:33:09,1,9998,0,9999
2025-01-15T22:07:03,1,9998,0,9999
2025-01-15T22:40:57,1,9998,0,9999
2025-01-15T23:15:00,1,9998,0,9999
2025-01-15T23:49:05,1,9998,0,9999
2025-01-16T00:23:40,1,9998,0,9999
2025-01-16T00:57:39,1,9998,0,9999
2025-01-16T01:31:37,1,9998,0,9999
2025-01-16T02:05:44,1,9998,0,9999
2025-01-16T02:39:38,1,9998,0,9999
2025-01-16T03:13:51,1,9998,0,9999
2025-01-16T03:47:48,1,9998,0,9999
2025-01-16T04:30:27,1,9998,0,9999
2025-01-16T05:04:47,1,9998,0,9999
2025-01-16T05:38:45,1,9998,0,9999
2025-01-16T06:12:45,1,9998,0,9999
2025-01-16T06:46:43,1,9998,0,9999
2025-01-16T07:20:45,1,9998,0,9999
2025-01-16T07:54:41,1,9998,0,9999
2025-01-16T08:28:45,1,9998,0,9999
2025-01-16T09:02:39,1,9998,0,9999
2025-01-16T09:36:32,1,9998,0,9999
2025-01-16T10:10:34,1,9998,0,9999
2025-01-16T10:44:28,1,9998,0,9999
2025-01-16T11:18:22,1,9998,0,9999
2025-01-16T11:52:27,1,9998,0,9999
2025-01-16T12:26:20,1,9998,0,9999
2025-01-16T13:00:23,1,9998,0,9999
2025-01-16T13:34:18,1,9998,0,9999
2025-01-16T14:08:25,1,9998,0,9999
2025-01-16T14:42:20,1,9998,0,9999
2025-01-16T15:16:27,1,9998,0,9999
2025-01-16T15:50:23,1,9998,0,9999
2025-01-16T16:24:27,1,9998,0,9999
2025-01-16T16:58:23,1,9998,0,9999
2025-01-16T17:32:27,1,9998,0,9999
2025-01-16T18:06:22,1,9998,0,9999
2025-01-16T18:40:26,1,9998,0,9999
2025-01-16T19:14:21,1,9998,0,9999
2025-01-16T19:48:16,1,9998,0,9999
2025-01-16T20:22:21,1,9998,0,9999
2025-01-16T20:56:19,1,9998,0,9999
2025-01-16T21:30:27,1,9998,0,9999
2025-01-16T22:04:26,1,9998,0,9999
2025-01-16T22:38:30,1,9998,0,9999
2025-01-16T23:12:26,1,9998,0,9999
2025-01-16T23:46:22,1,9998,0,9999
2025-01-17T00:20:22,1,9998,0,9999
2025-01-17T00:54:34,1,9998,0,9999
2025-01-17T01:28:37,1,9998,0,9999
2025-01-17T02:02:41,1,9998,0,9999
2025-01-17T02:36:41,1,9998,0,9999
2025-01-17T03:10:43,1,9998,0,9999
2025-01-17T03:44:44,1,9998,0,9999
2025-01-17T04:21:54,1,9998,0,9999
2025-01-17T04:57:28,1,9998,0,9999
2025-01-17T05:31:29,1,9998,0,9999
2025-01-17T06:05:32,1,9998,0,9999
2025-01-17T06:39:30,1,9998,0,9999
2025-01-17T07:13:31,1,9998,0,9999
2025-01-17T07:47:34,1,9998,0,9999
2025-01-17T08:21:31,1,9998,0,9999
2025-01-17T08:55:28,1,9998,0,9999
2025-01-17T09:29:24,1,9998,0,9999
2025-01-17T10:03:30,1,9998,0,9999
2025-01-17T10:37:36,1,9998,0,9999
2025-01-17T11:11:35,1,9998,0,9999
2025-01-17T11:45:49,1,9998,0,9999
2025-01-17T12:19:47,1,9998,0,9999
2025-01-17T12:53:52,1,9998,0,9999
2025-01-17T13:27:49,1,9998,0,9999
2025-01-17T14:02:01,1,9998,0,9999
2025-01-17T14:35:58,1,9998,0,9999
2025-01-17T15:09:54,1,9998,0,9999
2025-01-17T15:44:02,1,9998,0,9999
2025-01-17T16:18:00,1,9998,0,9999
2025-01-17T16:52:13,1,9998,0,9999
2025-01-17T17:26:11,1,9998,0,9999
2025-01-17T18:00:07,1,9998,0,9999
2025-01-17T18:34:13,1,9998,0,9999
2025-01-17T19:08:11,1,9998,0,9999
2025-01-17T19:42:09,1,9998,0,9999
2025-01-17T20:16:06,1,9998,0,9999
2025-01-17T20:50:20,1,9998,0,9999
2025-01-17T21:24:20,1,9998,0,9999
2025-01-17T21:58:18,1,9998,0,9999
2025-01-17T22:32:16,1,9998,0,9999
2025-01-17T23:06:12,1,9998,0,9999
2025-01-17T23:40:19,1,9998,0,9999
2025-01-18T00:14:20,1,9998,0,9999
2025-01-18T00:48:23,1,9998,0,9999
2025-01-18T01:22:26,1,9998,0,9999
2025-01-18T01:56:37,1,9998,0,9999
2025-01-18T02:30:35,1,9998,0,9999
2025-01-18T03:04:32,1,9998,0,9999
2025-01-18T03:38:31,1,9998,0,9999
