time,enrolled,available,waitlisted,total
2024-11-10T09:37:35,0,92,0,92
2024-11-10T10:09:43,0,92,0,92
2024-11-10T10:41:52,0,92,0,92
2024-11-10T11:13:51,0,92,0,92
2024-11-10T11:45:50,0,92,0,92
2024-11-10T12:17:57,0,92,0,92
2024-11-10T12:49:57,0,92,0,92
2024-11-10T13:21:56,0,92,0,92
2024-11-10T13:53:56,0,92,0,92
2024-11-10T14:26:06,0,92,0,92
2024-11-10T14:58:06,0,92,0,92
2024-11-10T15:30:09,0,92,0,92
2024-11-10T16:02:17,0,92,0,92
2024-11-10T16:34:14,0,92,0,92
2024-11-10T17:06:13,0,92,0,92
2024-11-10T17:38:23,0,92,0,92
2024-11-10T18:10:20,0,92,0,92
2024-11-10T18:42:21,0,92,0,92
2024-11-10T19:14:22,0,92,0,92
2024-11-10T19:46:32,0,92,0,92
2024-11-10T20:18:30,0,92,0,92
2024-11-10T20:50:28,0,92,0,92
2024-11-10T21:22:38,0,92,0,92
2024-11-10T21:54:37,0,92,0,92
2024-11-10T22:26:38,0,92,0,92
2024-11-10T22:58:39,0,92,0,92
2024-11-10T23:30:47,0,92,0,92
2024-11-11T00:02:44,0,92,0,92
2024-11-11T00:34:51,0,92,0,92
2024-11-11T01:06:57,0,92,0,92
2024-11-11T01:39:15,0,92,0,92
2024-11-11T02:11:18,0,92,0,92
2024-11-11T02:43:17,0,92,0,92
2024-11-11T03:15:18,0,92,0,92
2024-11-11T03:47:18,0,92,0,92
2024-11-11T04:43:00,0,92,0,92
2024-11-11T05:15:05,0,92,0,92
2024-11-11T05:47:12,0,92,0,92
2024-11-11T06:19:13,0,92,0,92
2024-11-11T06:51:14,0,92,0,92
2024-11-11T07:23:18,0,92,0,92
2024-11-11T07:55:24,0,92,0,92
2024-11-11T08:27:23,0,92,0,92
2024-11-11T08:59:19,0,92,0,92
2024-11-11T09:31:25,0,92,0,92
2024-11-11T10:03:22,0,92,0,92
2024-11-11T10:35:19,0,92,0,92
2024-11-11T11:07:17,0,92,0,92
2024-11-11T11:39:23,0,92,0,92
2024-11-11T12:11:20,0,92,0,92
2024-11-11T12:43:25,0,92,0,92
2024-11-11T13:15:22,0,92,0,92
2024-11-11T13:47:18,0,92,0,92
2024-11-11T14:19:27,0,92,0,92
2024-11-11T14:51:24,0,92,0,92
2024-11-11T15:23:21,0,92,0,92
2024-11-11T15:55:30,0,92,0,92
2024-11-11T16:27:27,0,92,0,92
2024-11-11T16:59:25,0,92,0,92
2024-11-11T17:31:32,0,92,0,92
2024-11-11T18:03:30,0,92,0,92
2024-11-11T18:35:26,0,92,0,92
2024-11-11T19:07:34,0,92,0,92
2024-11-11T19:39:30,0,92,0,92
2024-11-11T20:11:36,0,92,0,92
2024-11-11T20:43:33,0,92,0,92
2024-11-11T21:15:30,0,92,0,92
2024-11-11T21:47:38,0,92,0,92
2024-11-11T22:19:36,0,92,0,92
2024-11-11T22:51:44,0,92,0,92
2024-11-11T23:23:52,0,92,0,92
2024-11-11T23:55:50,0,92,0,92
2024-11-12T00:30:48,0,92,0,92
2024-11-12T01:02:52,0,92,0,92
2024-11-12T01:35:05,0,92,0,92
2024-11-12T02:07:07,0,92,0,92
2024-11-12T02:39:19,0,92,0,92
2024-11-12T03:11:19,0,92,0,92
2024-11-12T03:43:30,0,92,0,92
2024-11-12T04:31:14,0,92,0,92
2024-11-12T05:03:18,0,92,0,92
2024-11-12T05:35:24,0,92,0,92
2024-11-12T06:07:25,0,92,0,92
2024-11-12T06:39:26,0,92,0,92
2024-11-12T07:11:30,0,92,0,92
2024-11-12T07:43:28,0,92,0,92
2024-11-12T08:15:36,0,92,0,92
2024-11-12T08:47:36,0,92,0,92
2024-11-12T09:19:48,0,92,0,92
2024-11-12T09:51:52,0,92,0,92
2024-11-12T10:24:06,0,92,0,92
2024-11-12T10:56:19,1,91,0,92
2024-11-12T11:28:46,1,91,0,92
2024-11-12T12:01:00,1,91,0,92
2024-11-12T12:33:14,1,91,0,92
2024-11-12T13:05:31,1,91,0,92
2024-11-12T13:37:47,1,91,0,92
2024-11-12T14:10:01,1,91,0,92
2024-11-12T14:42:17,1,91,0,92
2024-11-12T15:14:32,1,91,0,92
2024-11-12T15:46:48,1,91,0,92
2024-11-12T16:19:02,1,91,0,92
2024-11-12T16:51:14,1,91,0,92
2024-11-12T17:23:29,1,91,0,92
2024-11-12T17:55:41,1,91,0,92
2024-11-12T18:27:42,1,91,0,92
2024-11-12T18:59:52,1,91,0,92
2024-11-12T19:32:02,1,91,0,92
2024-11-12T20:04:03,2,90,0,92
2024-11-12T20:36:18,2,90,0,92
2024-11-12T21:08:32,2,90,0,92
2024-11-12T21:40:33,2,90,0,92
2024-11-12T22:12:45,2,90,0,92
2024-11-12T22:44:58,3,89,0,92
2024-11-12T23:17:00,3,89,0,92
2024-11-12T23:49:12,3,89,0,92
2024-11-13T00:21:21,3,89,0,92
2024-11-13T00:53:42,3,89,0,92
2024-11-13T01:25:51,3,89,0,92
2024-11-13T01:58:04,3,89,0,92
2024-11-13T02:30:16,3,89,0,92
2024-11-13T03:02:34,3,89,0,92
2024-11-13T03:34:39,3,89,0,92
2024-11-13T04:06:45,3,89,0,92
2024-11-13T09:47:39,3,89,0,92
2024-11-13T10:19:49,3,89,0,92
2024-11-13T10:52:00,4,88,0,92
2024-11-13T11:24:14,4,88,0,92
2024-11-13T11:56:36,4,88,0,92
2024-11-13T12:28:48,4,88,0,92
2024-11-13T13:00:59,4,88,0,92
2024-11-13T13:33:09,4,88,0,92
2024-11-13T14:05:21,4,88,0,92
2024-11-13T14:37:45,4,88,0,92
2024-11-13T15:09:59,4,88,0,92
2024-11-13T15:42:17,5,87,0,92
2024-11-13T16:14:20,5,87,0,92
2024-11-13T16:46:33,5,87,0,92
2024-11-13T17:18:45,6,86,0,92
2024-11-13T17:50:57,7,85,0,92
2024-11-13T18:23:11,8,84,0,92
2024-11-13T18:55:24,8,84,0,92
2024-11-13T19:27:36,9,83,0,92
2024-11-13T19:59:38,9,83,0,92
2024-11-13T20:31:49,9,83,0,92
2024-11-13T21:04:02,9,83,0,92
2024-11-13T21:36:57,9,83,0,92
2024-11-13T22:09:08,9,83,0,92
2024-11-13T22:41:09,9,83,0,92
2024-11-13T23:13:23,9,83,0,92
2024-11-13T23:45:25,9,83,0,92
2024-11-14T00:17:41,9,83,0,92
2024-11-14T00:49:46,9,83,0,92
2024-11-14T01:22:03,9,83,0,92
2024-11-14T01:54:17,9,83,0,92
2024-11-14T02:26:22,9,83,0,92
2024-11-14T02:58:26,9,83,0,92
2024-11-14T03:30:40,9,83,0,92
2024-11-14T04:02:44,9,83,0,92
2024-11-14T07:10:20,9,83,0,92
2024-11-14T07:42:24,9,83,0,92
2024-11-14T08:14:36,9,83,0,92
2024-11-14T08:46:40,9,83,0,92
2024-11-14T09:18:42,9,83,0,92
2024-11-14T09:51:00,9,83,0,92
2024-11-14T10:23:12,9,83,0,92
2024-11-14T10:55:25,10,82,0,92
2024-11-14T11:27:44,10,82,0,92
2024-11-14T12:00:05,10,82,0,92
2024-11-14T12:32:12,11,81,0,92
2024-11-14T13:04:29,13,79,0,92
2024-11-14T13:36:57,13,79,0,92
2024-11-14T14:09:02,13,79,0,92
2024-11-14T14:41:35,14,78,0,92
2024-11-14T15:13:57,13,79,0,92
2024-11-14T15:46:13,13,79,0,92
2024-11-14T16:18:29,15,77,0,92
2024-11-14T16:50:36,15,77,0,92
2024-11-14T17:22:56,15,77,0,92
2024-11-14T17:55:10,15,77,0,92
2024-11-14T18:27:27,15,77,0,92
2024-11-14T18:59:42,15,77,0,92
2024-11-14T19:31:48,15,77,0,92
2024-11-14T20:04:04,15,77,0,92
2024-11-14T20:36:19,16,76,0,92
2024-11-14T21:08:23,17,75,0,92
2024-11-14T21:40:42,17,75,0,92
2024-11-14T22:12:48,17,75,0,92
2024-11-14T22:45:03,17,75,0,92
2024-11-14T23:17:11,18,74,0,92
2024-11-14T23:49:25,18,74,0,92
2024-11-15T00:21:32,18,74,0,92
2024-11-15T00:53:51,18,74,0,92
2024-11-15T01:26:01,18,74,0,92
2024-11-15T01:58:13,18,74,0,92
2024-11-15T02:30:24,18,74,0,92
2024-11-15T03:02:40,18,74,0,92
2024-11-15T03:34:47,18,74,0,92
2024-11-15T04:06:54,18,74,0,92
2024-11-15T04:33:01,18,74,0,92
2024-11-15T05:05:32,18,74,0,92
2024-11-15T05:37:43,18,74,0,92
2024-11-15T06:09:50,18,74,0,92
2024-11-15T06:41:59,18,74,0,92
2024-11-15T07:14:08,18,74,0,92
2024-11-15T07:46:13,18,74,0,92
2024-11-15T08:18:25,18,74,0,92
2024-11-15T08:50:29,18,74,0,92
2024-11-15T09:22:34,18,74,0,92
2024-11-15T09:54:49,20,72,0,92
2024-11-15T10:27:06,20,72,0,92
2024-11-15T10:59:15,20,72,0,92
2024-11-15T11:31:36,21,71,0,92
2024-11-15T12:03:53,21,71,0,92
2024-11-15T12:36:10,21,71,0,92
2024-11-15T13:08:27,21,71,0,92
2024-11-15T13:40:45,21,71,0,92
2024-11-15T14:13:04,23,69,0,92
2024-11-15T14:45:22,23,69,0,92
2024-11-15T15:17:40,24,68,0,92
2024-11-15T15:49:46,26,66,0,92
2024-11-15T16:22:05,27,65,0,92
2024-11-15T16:54:22,31,61,0,92
2024-11-15T17:26:41,31,61,0,92
2024-11-15T17:58:59,32,60,0,92
2024-11-15T18:31:10,33,59,0,92
2024-11-15T19:03:28,33,59,0,92
2024-11-15T19:35:44,33,59,0,92
2024-11-15T20:07:52,33,59,0,92
2024-11-15T20:40:09,33,59,0,92
2024-11-15T21:12:16,33,59,0,92
2024-11-15T21:44:34,33,59,0,92
2024-11-15T22:16:41,33,59,0,92
2024-11-15T22:48:56,33,59,0,92
2024-11-15T23:21:01,33,59,0,92
2024-11-15T23:53:17,33,59,0,92
2024-11-16T00:25:29,33,59,0,92
2024-11-16T00:57:47,33,59,0,92
2024-11-16T01:29:55,33,59,0,92
2024-11-16T02:02:06,33,59,0,92
2024-11-16T02:34:13,33,59,0,92
2024-11-16T03:06:29,33,59,0,92
2024-11-16T03:38:35,33,59,0,92
2024-11-16T04:10:42,33,59,0,92
2024-11-16T04:38:13,33,59,0,92
2024-11-16T05:10:48,33,59,0,92
2024-11-16T05:42:59,33,59,0,92
2024-11-16T06:15:07,33,59,0,92
2024-11-16T06:47:15,33,59,0,92
2024-11-16T07:19:25,33,59,0,92
2024-11-16T07:51:41,33,59,0,92
2024-11-16T08:23:48,33,59,0,92
2024-11-16T08:55:57,33,59,0,92
2024-11-16T09:28:14,34,58,0,92
2024-11-16T10:00:25,34,58,0,92
2024-11-16T10:32:43,34,58,0,92
2024-11-16T11:04:50,34,58,0,92
2024-11-16T11:37:09,34,58,0,92
2024-11-16T12:09:25,35,57,0,92
2024-11-16T12:41:34,35,57,0,92
2024-11-16T13:13:50,35,57,0,92
2024-11-16T13:46:07,35,57,0,92
2024-11-16T14:18:15,35,57,0,92
2024-11-16T14:50:32,35,57,0,92
2024-11-16T15:22:48,35,57,0,92
2024-11-16T15:55:06,35,57,0,92
2024-11-16T16:27:17,35,57,0,92
2024-11-16T16:59:34,35,57,0,92
2024-11-16T17:31:52,35,57,0,92
2024-11-16T18:03:59,35,57,0,92
2024-11-16T18:36:19,35,57,0,92
2024-11-16T19:08:24,35,57,0,92
2024-11-16T19:40:39,35,57,0,92
2024-11-16T20:12:43,35,57,0,92
2024-11-16T20:44:56,35,57,0,92
2024-11-16T21:17:01,35,57,0,92
2024-11-16T21:49:15,35,57,0,92
2024-11-16T22:21:21,35,57,0,92
2024-11-16T22:53:25,35,57,0,92
2024-11-16T23:25:40,35,57,0,92
2024-11-16T23:57:47,35,57,0,92
2024-11-17T00:29:53,35,57,0,92
2024-11-17T04:41:53,35,57,0,92
2024-11-17T05:14:26,35,57,0,92
2024-11-17T05:46:41,35,57,0,92
2024-11-17T06:18:49,35,57,0,92
2024-11-17T06:50:57,35,57,0,92
2024-11-17T07:23:03,35,57,0,92
2024-11-17T07:55:10,35,57,0,92
2024-11-17T08:27:17,35,57,0,92
2024-11-17T08:59:24,35,57,0,92
2024-11-17T09:31:30,35,57,0,92
2024-11-17T10:03:51,35,57,0,92
2024-11-17T10:35:57,35,57,0,92
2024-11-17T11:08:05,35,57,0,92
2024-11-17T11:40:12,35,57,0,92
2024-11-17T12:12:27,35,57,0,92
2024-11-17T12:44:32,35,57,0,92
2024-11-17T13:16:36,35,57,0,92
2024-11-17T13:48:49,35,57,0,92
2024-11-17T14:20:54,35,57,0,92
2024-11-17T14:53:14,35,57,0,92
2024-11-17T15:25:20,35,57,0,92
2024-11-17T15:57:24,35,57,0,92
2024-11-17T16:29:40,35,57,0,92
2024-11-17T17:01:46,35,57,0,92
2024-11-17T17:33:59,35,57,0,92
2024-11-17T18:06:03,35,57,0,92
2024-11-17T18:38:09,35,57,0,92
2024-11-17T19:10:29,35,57,0,92
2024-11-17T19:42:35,35,57,0,92
2024-11-17T20:14:47,34,58,0,92
2024-11-17T20:46:53,34,58,0,92
2024-11-17T21:19:06,34,58,0,92
2024-11-17T21:51:13,34,58,0,92
2024-11-17T22:23:19,34,58,0,92
2024-11-17T22:55:31,34,58,0,92
2024-11-17T23:27:36,34,58,0,92
2024-11-17T23:59:40,34,58,0,92
2024-11-18T00:32:05,34,58,0,92
2024-11-18T01:04:13,34,58,0,92
2024-11-18T01:36:24,34,58,0,92
2024-11-18T02:08:35,34,58,0,92
2024-11-18T02:40:43,34,58,0,92
2024-11-18T03:13:01,34,58,0,92
2024-11-18T03:45:08,34,58,0,92
2024-11-18T04:33:30,34,58,0,92
2024-11-18T05:05:44,34,58,0,92
2024-11-18T05:37:56,34,58,0,92
2024-11-18T06:10:08,34,58,0,92
2024-11-18T06:42:17,34,58,0,92
2024-11-18T07:14:25,34,58,0,92
2024-11-18T07:46:31,34,58,0,92
2024-11-18T08:18:47,34,58,0,92
2024-11-18T08:50:52,34,58,0,92
2024-11-18T09:22:57,34,58,0,92
2024-11-18T09:55:13,34,58,0,92
2024-11-18T10:27:17,34,58,0,92
2024-11-18T10:59:32,34,58,0,92
2024-11-18T11:31:50,35,57,0,92
2024-11-18T12:04:07,35,57,0,92
2024-11-18T12:36:24,35,57,0,92
2024-11-18T13:08:31,35,57,0,92
2024-11-18T13:40:47,35,57,0,92
2024-11-18T14:13:03,35,57,0,92
2024-11-18T14:45:12,35,57,0,92
2024-11-18T15:17:28,35,57,0,92
2024-11-18T15:49:36,35,57,0,92
2024-11-18T16:21:58,35,57,0,92
2024-11-18T16:54:08,35,57,0,92
2024-11-18T17:26:28,36,56,0,92
2024-11-18T17:58:47,36,56,0,92
2024-11-18T18:30:59,36,56,0,92
2024-11-18T19:03:19,36,56,0,92
2024-11-18T19:35:27,36,56,0,92
2024-11-18T20:07:35,36,56,0,92
2024-11-18T20:40:07,36,56,0,92
2024-11-18T21:12:27,36,56,0,92
2024-11-18T21:44:46,36,56,0,92
2024-11-18T22:16:55,36,56,0,92
2024-11-18T22:49:04,36,56,0,92
2024-11-18T23:21:23,36,56,0,92
2024-11-18T23:53:31,36,56,0,92
2024-11-19T00:28:25,36,56,0,92
2024-11-19T01:00:59,36,56,0,92
2024-11-19T01:33:14,36,56,0,92
2024-11-19T02:05:30,36,56,0,92
2024-11-19T02:38:10,36,56,0,92
2024-11-19T03:10:25,36,56,0,92
2024-11-19T03:42:39,36,56,0,92
2024-11-19T16:01:44,40,52,0,92
2024-11-19T16:34:00,40,52,0,92
2024-11-19T17:06:29,41,51,0,92
2024-11-19T17:38:56,41,51,0,92
2024-11-19T18:11:24,42,50,0,92
2024-11-19T18:43:40,42,50,0,92
2024-11-19T19:16:05,42,50,0,92
2024-11-19T19:48:21,42,50,0,92
2024-11-19T20:20:48,43,49,0,92
2024-11-19T20:53:17,43,49,0,92
2024-11-19T21:25:40,43,49,0,92
2024-11-19T21:58:07,43,49,0,92
2024-11-19T22:30:24,43,49,0,92
2024-11-19T23:02:51,43,49,0,92
2024-11-19T23:35:09,43,49,0,92
2024-11-20T00:07:25,43,49,0,92
2024-11-20T00:39:57,43,49,0,92
2024-11-20T01:12:21,43,49,0,92
2024-11-20T01:44:42,43,49,0,92
2024-11-20T02:17:05,43,49,0,92
2024-11-20T02:49:25,43,49,0,92
2024-11-20T03:21:55,43,49,0,92
2024-11-20T03:54:15,43,49,0,92
2024-11-20T04:44:51,43,49,0,92
2024-11-20T05:17:18,43,49,0,92
2024-11-20T05:49:42,43,49,0,92
2024-11-20T06:22:06,43,49,0,92
2024-11-20T06:54:28,43,49,0,92
2024-11-20T07:26:53,43,49,0,92
2024-11-20T07:59:10,43,49,0,92
2024-11-20T08:31:38,43,49,0,92
2024-11-20T09:03:56,43,49,0,92
2024-11-20T09:36:13,43,49,0,92
2024-11-20T10:08:39,43,49,0,92
2024-11-20T10:41:09,44,48,0,92
2024-11-20T11:13:26,45,47,0,92
2024-11-20T11:45:59,45,47,0,92
2024-11-20T12:18:25,45,47,0,92
2024-11-20T12:50:51,45,47,0,92
2024-11-20T13:23:09,45,47,0,92
2024-11-20T13:55:39,45,47,0,92
2024-11-20T14:28:08,45,47,0,92
2024-11-20T15:00:36,45,47,0,92
2024-11-20T15:33:05,45,47,0,92
2024-11-20T16:05:25,45,47,0,92
2024-11-20T16:37:55,45,47,0,92
2024-11-20T17:10:27,45,47,0,92
2024-11-20T17:42:47,47,45,0,92
2024-11-20T18:15:19,47,45,0,92
2024-11-20T18:47:38,48,44,0,92
2024-11-20T19:20:08,48,44,0,92
2024-11-20T19:52:38,49,43,0,92
2024-11-20T20:24:59,49,43,0,92
2024-11-20T20:57:29,49,43,0,92
2024-11-20T21:29:48,49,43,0,92
2024-11-20T22:02:21,49,43,0,92
2024-11-20T22:34:40,49,43,0,92
2024-11-20T23:07:10,49,43,0,92
2024-11-20T23:39:30,49,43,0,92
2024-11-21T00:11:51,49,43,0,92
2024-11-21T00:44:32,49,43,0,92
2024-11-21T01:16:57,49,43,0,92
2024-11-21T01:49:22,49,43,0,92
2024-11-21T02:21:57,49,43,0,92
2024-11-21T02:54:21,49,43,0,92
2024-11-21T03:26:45,49,43,0,92
2024-11-21T04:00:21,49,43,0,92
2024-11-21T04:36:48,49,43,0,92
2024-11-21T05:09:14,49,43,0,92
2024-11-21T05:41:39,49,43,0,92
2024-11-21T06:14:05,49,43,0,92
2024-11-21T06:46:27,49,43,0,92
2024-11-21T07:18:53,49,43,0,92
2024-11-21T07:51:25,49,43,0,92
2024-11-21T08:23:47,49,43,0,92
2024-11-21T08:56:09,49,43,0,92
2024-11-21T09:28:38,49,43,0,92
2024-11-21T10:00:58,50,42,0,92
2024-11-21T10:33:32,51,41,0,92
2024-11-21T11:06:03,51,41,0,92
2024-11-21T11:38:39,51,41,0,92
2024-11-21T12:11:01,52,40,0,92
2024-11-21T12:43:30,53,39,0,92
2024-11-21T13:16:00,53,39,0,92
2024-11-21T13:48:31,53,39,1,92
2024-11-21T14:21:05,54,38,1,92
2024-11-21T14:53:43,55,37,1,92
2024-11-21T15:26:08,55,37,1,92
2024-11-21T15:58:42,55,37,1,92
2024-11-21T16:31:14,60,32,1,92
2024-11-21T17:03:48,61,31,1,92
2024-11-21T17:36:13,62,30,1,92
2024-11-21T18:08:46,63,29,1,92
2024-11-21T18:41:18,63,29,1,92
2024-11-22T04:43:18,67,25,1,92
2024-11-22T05:15:53,67,25,1,92
2024-11-22T05:48:20,67,25,1,92
2024-11-22T06:20:49,67,25,1,92
2024-11-22T06:53:18,67,25,1,92
2024-11-22T07:25:52,67,25,1,92
2024-11-22T07:58:17,67,25,1,92
2024-11-22T08:30:44,67,25,1,92
2024-11-22T09:03:19,68,24,1,92
2024-11-22T09:35:42,68,24,1,92
2024-11-22T10:08:15,68,24,1,92
2024-11-22T10:40:38,68,24,1,92
2024-11-22T11:13:15,71,21,1,92
2024-11-22T11:45:44,71,21,1,92
2024-11-22T12:18:23,72,20,1,92
2024-11-22T12:50:58,72,20,1,92
2024-11-22T13:23:22,72,20,1,92
2024-11-22T13:55:56,72,20,1,92
2024-11-22T14:28:31,72,20,1,92
2024-11-22T15:01:10,73,19,1,92
2024-11-22T15:33:48,75,17,1,92
2024-11-22T16:06:12,75,17,1,92
2024-11-22T16:38:50,77,15,1,92
2024-11-22T17:11:27,78,14,1,92
2024-11-22T17:44:07,80,12,1,92
2024-11-22T18:16:38,81,11,1,92
2024-11-22T18:49:16,82,10,1,92
2024-11-22T19:21:54,83,9,2,92
2024-11-22T19:54:21,83,9,2,92
2024-11-22T20:27:01,83,9,2,92
2024-11-22T20:59:30,83,9,2,92
2024-11-22T21:32:09,84,8,2,92
2024-11-22T22:04:37,84,8,2,92
2024-11-22T22:37:04,84,8,2,92
2024-11-22T23:09:46,84,8,2,92
2024-11-22T23:42:13,84,8,2,92
2024-11-23T00:14:42,85,7,2,92
2024-11-23T00:47:32,85,7,2,92
2024-11-23T01:20:05,85,7,2,92
2024-11-23T01:52:46,85,7,2,92
2024-11-23T02:25:15,85,7,2,92
2024-11-23T02:57:44,85,7,2,92
2024-11-23T03:30:12,85,7,2,92
2024-11-23T04:02:44,85,7,2,92
2024-11-23T04:35:54,85,7,2,92
2024-11-23T05:10:11,85,7,2,92
2024-11-23T05:42:45,85,7,2,92
2024-11-23T06:15:17,85,7,2,92
2024-11-23T06:47:51,85,7,2,92
2024-11-23T07:20:25,85,7,2,92
2024-11-23T07:53:04,85,7,2,92
2024-11-23T08:25:34,85,7,2,92
2024-11-23T08:58:04,85,7,3,92
2024-11-23T09:30:45,85,7,3,92
2024-11-23T10:03:15,85,7,3,92
2024-11-23T10:35:55,85,7,3,92
2024-11-23T11:08:26,85,7,3,92
2024-11-23T11:41:06,85,7,3,92
2024-11-23T12:13:40,85,7,3,92
2024-11-23T12:46:18,85,7,3,92
2024-11-23T13:18:49,85,7,3,92
2024-11-23T13:51:28,85,7,3,92
2024-11-23T14:24:09,85,7,3,92
2024-11-23T14:56:48,85,7,3,92
2024-11-23T15:29:19,85,7,3,92
2024-11-23T16:01:55,85,7,3,92
2024-11-23T16:34:26,85,7,3,92
2024-11-23T17:07:06,85,7,3,92
2024-11-23T17:39:44,85,7,3,92
2024-11-23T18:12:15,85,7,3,92
2024-11-23T18:44:53,85,7,3,92
2024-11-23T19:17:26,85,7,3,92
2024-11-23T19:50:03,85,7,3,92
2024-11-23T20:22:31,85,7,3,92
2024-11-23T20:55:07,85,7,4,92
2024-11-23T21:27:34,85,7,4,92
2024-11-23T22:00:04,85,7,4,92
2024-11-23T22:32:42,85,7,4,92
2024-11-23T23:05:10,85,7,4,92
2024-11-23T23:37:36,85,7,4,92
2024-11-24T00:10:14,85,7,4,92
2024-11-24T00:42:45,85,7,4,92
2024-11-24T01:15:14,85,7,4,92
2024-11-24T01:47:41,85,7,4,92
2024-11-24T02:20:19,85,7,4,92
2024-11-24T02:52:48,85,7,4,92
2024-11-24T03:25:15,85,7,4,92
2024-11-24T03:58:31,85,7,4,92
2024-11-24T04:40:23,85,7,4,92
2024-11-24T05:13:01,85,7,4,92
2024-11-24T05:45:38,85,7,4,92
2024-11-24T06:18:14,85,7,4,92
2024-11-24T06:50:46,85,7,4,92
2024-11-24T07:23:21,85,7,4,92
2024-11-24T07:55:56,85,7,4,92
2024-11-24T08:28:30,85,7,4,92
2024-11-24T09:01:00,85,7,4,92
2024-11-24T09:33:35,85,7,4,92
2024-11-24T10:06:05,85,7,4,92
2024-11-24T10:38:33,85,7,4,92
2024-11-24T11:11:03,85,7,4,92
2024-11-24T11:43:32,85,7,4,92
2024-11-24T12:16:09,85,7,4,92
2024-11-24T12:48:36,85,7,4,92
2024-11-24T13:21:05,85,7,4,92
2024-11-24T13:53:42,85,7,4,92
2024-11-24T14:26:11,85,7,4,92
2024-11-24T14:58:41,85,7,4,92
2024-11-24T15:31:10,85,7,4,92
2024-11-24T16:04:15,85,7,4,92
2024-11-24T16:36:44,85,7,4,92
2024-11-24T17:09:14,85,7,4,92
2024-11-24T17:41:51,85,7,4,92
2024-11-24T18:14:20,85,7,4,92
2024-11-24T18:46:48,85,7,4,92
2024-11-24T19:19:20,85,7,4,92
2024-11-24T19:51:57,85,7,4,92
2024-11-24T20:24:24,85,7,4,92
2024-11-24T20:56:53,85,7,4,92
2024-11-24T21:29:31,85,7,4,92
2024-11-24T22:01:59,85,7,4,92
2024-11-25T04:34:49,85,7,4,92
2024-11-25T05:07:20,85,7,4,92
2024-11-25T05:39:51,85,7,4,92
2024-11-25T06:12:22,85,7,4,92
2024-11-25T06:44:52,85,7,4,92
2024-11-25T07:17:20,85,7,4,92
2024-11-25T07:49:47,85,7,4,92
2024-11-25T08:22:20,85,7,4,92
2024-11-25T08:54:57,85,7,4,92
2024-11-25T09:27:25,85,7,4,92
2024-11-25T09:59:53,85,7,4,92
2024-11-25T10:32:32,85,7,4,92
2024-11-25T11:04:58,85,7,4,92
2024-11-25T11:37:37,85,7,4,92
2024-11-25T12:10:04,85,7,4,92
2024-11-25T12:42:44,85,7,4,92
2024-11-25T13:15:13,85,7,4,92
2024-11-25T13:47:50,85,7,4,92
2024-11-25T14:20:18,85,7,4,92
2024-11-25T14:52:57,85,7,4,92
2024-11-25T15:25:25,85,7,4,92
2024-11-25T15:58:06,85,7,4,92
2024-11-25T16:30:35,86,6,4,92
2024-11-25T17:03:15,86,6,4,92
2024-11-25T17:35:43,86,6,4,92
2024-11-25T18:08:11,86,6,4,92
2024-11-25T18:40:49,86,6,4,92
2024-11-25T19:13:17,86,6,4,92
2024-11-25T19:45:58,86,6,4,92
2024-11-25T20:18:26,86,6,4,92
2024-11-25T20:50:53,86,6,4,92
2024-11-25T21:23:23,86,6,4,92
2024-11-25T21:56:01,86,6,4,92
2024-11-25T22:28:29,86,6,4,92
2024-11-25T23:00:57,86,6,4,92
2024-11-25T23:33:36,86,6,4,92
2024-11-26T00:06:07,86,6,4,92
2024-11-26T00:38:41,86,6,4,92
2024-11-26T01:11:14,86,6,4,92
2024-11-26T01:43:46,86,6,4,92
2024-11-26T02:16:27,86,6,4,92
2024-11-26T02:49:00,86,6,4,92
2024-11-26T03:21:31,86,6,4,92
2024-11-26T03:54:01,86,6,4,92
2024-11-26T04:43:17,86,6,4,92
2024-11-26T05:15:52,86,6,4,92
2024-11-26T05:48:24,86,6,4,92
2024-11-26T06:20:55,86,6,4,92
2024-11-26T06:53:27,86,6,4,92
2024-11-26T07:25:58,86,6,4,92
2024-11-26T07:58:37,86,6,4,92
2024-11-26T08:31:07,86,6,4,92
2024-11-26T09:03:37,86,6,4,92
2024-11-26T09:36:05,86,6,4,92
2024-11-26T10:08:34,86,6,4,92
2024-11-26T10:41:17,86,6,4,92
2024-11-26T11:13:49,86,6,4,92
2024-11-26T11:46:20,86,6,4,92
2024-11-26T12:19:00,86,6,4,92
2024-11-26T12:51:28,86,6,4,92
2024-11-26T13:24:09,86,6,4,92
2024-11-26T13:56:39,86,6,4,92
2024-11-26T14:29:22,86,6,4,92
2024-11-26T15:01:51,86,6,4,92
2024-11-26T15:34:31,86,6,4,92
2024-11-26T16:07:01,86,6,4,92
2024-11-26T16:39:32,86,6,4,92
2024-11-26T17:12:13,86,6,4,92
2024-11-26T17:44:43,86,6,4,92
2024-11-26T18:17:12,86,6,4,92
2024-11-26T18:49:53,86,6,4,92
2024-11-26T19:22:24,86,6,4,92
2024-11-26T19:54:54,86,6,4,92
2024-11-26T20:27:24,86,6,4,92
2024-11-26T20:59:55,86,6,4,92
2024-11-26T21:32:37,86,6,4,92
2024-11-26T22:05:08,86,6,4,92
2024-11-26T22:37:37,86,6,4,92
2024-11-26T23:10:07,86,6,4,92
2024-11-26T23:42:39,86,6,4,92
2024-11-27T00:15:23,87,5,4,92
2024-11-27T00:47:59,87,5,4,92
2024-11-27T01:20:37,87,5,4,92
2024-11-27T01:53:11,87,5,4,92
2024-11-27T02:25:51,87,5,4,92
2024-11-27T02:58:28,87,5,4,92
2024-11-27T03:31:02,87,5,4,92
2024-11-27T04:03:36,87,5,4,92
2024-11-27T04:32:47,87,5,4,92
2024-11-27T05:07:00,87,5,4,92
2024-11-27T05:39:40,87,5,4,92
2024-11-27T06:12:14,87,5,4,92
2024-11-27T06:44:47,87,5,4,92
2024-11-27T07:17:23,87,5,4,92
2024-11-27T07:49:56,87,5,4,92
2024-11-27T08:22:37,87,5,4,92
2024-11-27T08:55:09,87,5,4,92
2024-11-27T09:27:40,87,5,4,92
2024-11-27T10:00:13,87,5,4,92
2024-11-27T10:32:45,87,5,4,92
2024-11-27T11:05:27,87,5,4,92
2024-11-27T11:38:01,87,5,4,92
2024-11-27T12:10:43,87,5,4,92
2024-11-27T12:43:15,87,5,4,92
2024-11-27T13:15:45,87,5,4,92
2024-11-27T13:48:18,87,5,4,92
2024-11-27T14:21:02,87,5,4,92
2024-11-27T14:53:36,88,4,4,92
2024-11-27T15:26:11,88,4,4,92
2024-11-27T15:58:53,88,4,4,92
2024-11-27T16:31:28,88,4,4,92
2024-11-27T17:04:02,88,4,4,92
2024-11-27T17:36:48,88,4,4,92
2024-11-27T18:09:21,88,4,4,92
2024-11-27T18:41:54,88,4,4,92
2024-11-27T19:14:29,88,4,4,92
2024-11-27T19:47:12,88,4,4,92
2024-11-27T20:19:46,88,4,4,92
2024-11-27T20:52:19,88,4,4,92
2024-11-27T21:24:54,88,4,4,92
2024-11-27T21:57:28,88,4,4,92
2024-11-27T22:30:11,88,4,4,92
2024-11-27T23:02:45,88,4,4,92
2024-11-27T23:35:20,88,4,4,92
2024-11-28T00:07:54,88,4,4,92
2024-11-28T00:40:36,88,4,4,92
2024-11-28T01:13:14,88,4,4,92
2024-11-28T01:46:02,88,4,4,92
2024-11-28T02:18:46,88,4,4,92
2024-11-28T02:51:22,88,4,4,92
2024-11-28T03:23:58,88,4,4,92
2024-11-28T03:56:34,88,4,4,92
2024-11-28T04:36:48,88,4,4,92
2024-11-28T05:09:29,88,4,4,92
2024-11-28T05:42:29,88,4,4,92
2024-11-28T06:15:07,88,4,4,92
2024-11-28T06:47:44,88,4,4,92
2024-11-28T07:20:23,88,4,4,92
2024-11-28T07:52:59,88,4,4,92
2024-11-28T08:25:45,88,4,4,92
2024-11-28T08:58:22,88,4,4,92
2024-11-28T09:30:59,88,4,4,92
2024-11-28T10:03:34,88,4,4,92
2024-11-28T10:36:12,88,4,4,92
2024-11-28T11:08:46,88,4,4,92
2024-11-28T11:41:22,88,4,4,92
2024-11-28T12:14:06,88,4,4,92
2024-11-28T12:46:40,88,4,4,92
2024-11-28T13:19:15,88,4,4,92
2024-11-28T13:51:49,88,4,4,92
2024-11-28T14:24:24,88,4,4,92
2024-11-28T14:56:58,88,4,4,92
2024-11-28T15:29:40,88,4,4,92
2024-11-28T16:02:13,88,4,4,92
2024-11-28T16:34:46,88,4,4,92
2024-11-28T17:07:20,88,4,4,92
2024-11-28T17:39:54,88,4,4,92
2024-11-28T18:12:28,88,4,4,92
2024-11-28T18:45:09,88,4,4,92
2024-11-28T19:17:43,88,4,4,92
2024-11-28T19:50:16,88,4,4,92
2024-11-28T20:22:49,88,4,4,92
2024-11-28T20:55:22,88,4,4,92
2024-11-28T21:27:57,88,4,4,92
2024-11-28T22:00:43,88,4,4,92
2024-11-28T22:33:17,88,4,4,92
2024-11-28T23:05:51,88,4,4,92
2024-11-28T23:38:25,88,4,4,92
2024-11-29T00:11:04,88,4,4,92
2024-11-29T00:43:46,88,4,4,92
2024-11-29T01:16:32,88,4,4,92
2024-11-29T01:49:07,88,4,4,92
2024-11-29T02:21:45,88,4,4,92
2024-11-29T02:54:23,88,4,4,92
2024-11-29T03:26:59,89,3,4,92
2024-11-29T03:59:35,89,3,4,92
2024-11-29T04:30:19,89,3,4,92
2024-11-29T05:04:32,89,3,4,92
2024-11-29T05:37:14,89,3,4,92
2024-11-29T06:09:53,89,3,4,92
2024-11-29T06:42:30,89,3,4,92
2024-11-29T07:15:17,89,3,4,92
2024-11-29T07:47:51,89,3,4,92
2024-11-29T08:20:28,89,3,4,92
2024-11-29T08:53:04,89,3,4,92
2024-11-29T09:25:46,89,3,4,92
2024-11-29T09:58:20,89,3,4,92
2024-11-29T10:30:54,89,3,4,92
2024-11-29T11:03:28,89,3,4,92
2024-11-29T11:36:03,89,3,4,92
2024-11-29T12:08:38,89,3,4,92
2024-11-29T12:41:21,89,3,4,92
2024-11-29T13:13:55,89,3,4,92
2024-11-29T13:46:28,89,3,4,92
2024-11-29T14:24:07,89,3,4,92
2024-11-29T14:56:41,89,3,4,92
2024-11-29T15:29:23,89,3,4,92
2024-11-29T16:01:58,89,3,4,92
2024-11-29T16:34:31,89,3,4,92
2024-11-29T17:07:05,89,3,4,92
2024-11-29T17:39:38,89,3,4,92
2024-11-29T18:12:22,89,3,4,92
2024-11-29T18:44:54,89,3,4,92
2024-11-29T19:17:27,89,3,4,92
2024-11-29T19:50:00,89,3,4,92
2024-11-29T20:22:33,89,3,4,92
2024-11-29T20:55:08,89,3,4,92
2024-11-29T21:27:51,89,3,4,92
2024-11-29T22:00:26,89,3,4,92
2024-11-29T22:33:01,89,3,4,92
2024-11-29T23:05:35,89,3,4,92
2024-11-29T23:38:20,89,3,4,92
2024-11-30T00:10:55,89,3,4,92
2024-11-30T00:43:34,89,3,4,92
2024-11-30T01:16:11,89,3,4,92
2024-11-30T01:48:51,89,3,4,92
2024-11-30T02:21:30,89,3,4,92
2024-11-30T02:54:07,89,3,4,92
2024-11-30T03:26:52,89,3,4,92
2024-11-30T03:59:29,89,3,4,92
2024-11-30T04:38:23,89,3,4,92
2024-11-30T05:12:49,89,3,4,92
2024-11-30T05:45:24,89,3,4,92
2024-11-30T06:17:58,89,3,4,92
2024-11-30T06:50:31,89,3,4,92
2024-11-30T07:23:04,89,3,4,92
2024-11-30T07:55:37,89,3,4,92
2024-11-30T08:28:12,89,3,4,92
2024-11-30T09:00:54,89,3,4,92
2024-11-30T09:33:28,89,3,4,92
2024-11-30T10:06:01,89,3,4,92
2024-11-30T10:38:34,89,3,4,92
2024-11-30T11:11:07,89,3,4,92
2024-11-30T11:43:57,89,3,4,92
2024-11-30T12:16:29,89,3,4,92
2024-11-30T12:49:02,89,3,4,92
2024-11-30T13:21:35,89,3,4,92
2024-11-30T13:54:14,89,3,4,92
2024-11-30T14:26:47,89,3,4,92
2024-11-30T14:59:19,89,3,4,92
2024-11-30T15:32:08,89,3,4,92
2024-11-30T16:04:41,89,3,4,92
2024-11-30T16:37:14,89,3,4,92
2024-11-30T17:09:47,89,3,4,92
2024-11-30T17:42:20,89,3,4,92
2024-11-30T18:15:03,89,3,4,92
2024-11-30T18:47:35,89,3,4,92
2024-11-30T19:20:08,89,3,4,92
2024-11-30T19:52:40,89,3,4,92
2024-11-30T20:25:12,89,3,4,92
2024-11-30T20:57:59,89,3,4,92
2024-11-30T21:30:32,89,3,4,92
2024-11-30T22:03:10,89,3,4,92
2024-11-30T22:35:42,89,3,4,92
2024-11-30T23:08:23,89,3,4,92
2024-11-30T23:40:57,89,3,4,92
2024-12-01T00:13:39,89,3,4,92
2024-12-01T00:46:19,89,3,4,92
2024-12-01T01:18:53,89,3,4,92
2024-12-01T01:51:30,89,3,4,92
2024-12-01T02:24:10,89,3,4,92
2024-12-01T02:56:59,89,3,4,92
2024-12-01T03:29:36,89,3,4,92
2024-12-01T04:02:12,89,3,4,92
2024-12-01T04:33:00,89,3,4,92
2024-12-01T05:05:37,89,3,4,92
2024-12-01T05:38:16,89,3,4,92
2024-12-01T06:10:53,89,3,4,92
2024-12-01T06:43:30,89,3,4,92
2024-12-01T07:16:05,89,3,4,92
2024-12-01T07:48:42,89,3,4,92
2024-12-01T08:21:17,89,3,4,92
2024-12-01T08:54:05,89,3,4,92
2024-12-01T09:26:42,89,3,4,92
2024-12-01T09:59:18,89,3,4,92
2024-12-01T10:31:57,89,3,4,92
2024-12-01T11:04:33,89,3,4,92
2024-12-01T11:37:15,89,3,4,92
2024-12-01T12:09:48,89,3,4,92
2024-12-01T12:42:20,89,3,4,92
2024-12-01T13:14:53,89,3,4,92
2024-12-01T13:47:27,89,3,4,92
2024-12-01T14:20:08,89,3,4,92
2024-12-01T14:52:41,89,3,4,92
2024-12-01T15:25:14,89,3,4,92
2024-12-01T15:57:55,89,3,4,92
2024-12-01T16:30:30,89,3,4,92
2024-12-01T17:03:06,89,3,4,92
2024-12-01T17:35:37,89,3,4,92
2024-12-01T18:08:10,89,3,4,92
2024-12-01T18:40:53,89,3,4,92
2024-12-01T19:13:26,89,3,4,92
2024-12-01T19:45:59,89,3,4,92
2024-12-01T20:18:32,89,3,4,92
2024-12-01T20:51:14,89,3,4,92
2024-12-01T21:23:47,89,3,4,92
2024-12-01T21:56:21,89,3,4,92
2024-12-01T22:28:53,89,3,4,92
2024-12-01T23:01:36,89,3,4,92
2024-12-01T23:34:09,89,3,4,92
2024-12-02T00:06:47,89,3,4,92
2024-12-02T00:39:40,89,3,4,92
2024-12-02T01:12:18,89,3,4,92
2024-12-02T01:44:58,89,3,4,92
2024-12-02T02:17:38,89,3,4,92
2024-12-02T02:50:22,89,3,4,92
2024-12-02T03:22:59,89,3,4,92
2024-12-02T03:55:35,89,3,4,92
2024-12-02T04:39:09,89,3,4,92
2024-12-02T05:12:09,89,3,4,92
2024-12-02T05:44:50,89,3,4,92
2024-12-02T06:17:27,89,3,4,92
2024-12-02T06:50:04,89,3,4,92
2024-12-02T07:22:40,89,3,4,92
2024-12-02T07:55:15,89,3,4,92
2024-12-02T08:27:56,89,3,4,92
2024-12-02T09:00:29,89,3,4,92
2024-12-02T09:33:11,89,3,4,92
2024-12-02T10:05:59,89,3,4,92
2024-12-02T10:38:33,89,3,4,92
2024-12-02T11:11:18,89,3,4,92
2024-12-02T11:43:54,89,3,4,92
2024-12-02T12:16:46,89,3,4,92
2024-12-02T12:49:22,89,3,4,92
2024-12-02T13:22:14,89,3,4,92
2024-12-02T13:54:48,89,3,4,92
2024-12-02T14:27:38,89,3,4,92
2024-12-02T15:00:32,89,3,4,92
2024-12-02T15:33:14,89,3,4,92
2024-12-02T16:06:00,89,3,4,92
2024-12-02T16:38:35,89,3,4,92
2024-12-02T17:11:31,89,3,4,92
2024-12-02T17:44:05,89,3,4,92
2024-12-02T18:16:40,89,3,4,92
2024-12-02T18:49:26,89,3,4,92
2024-12-02T19:22:05,89,3,4,92
2024-12-02T19:54:58,89,3,4,92
2024-12-02T20:27:33,89,3,4,92
2024-12-02T21:00:08,89,3,4,92
2024-12-02T21:32:43,89,3,4,92
2024-12-02T22:05:28,89,3,4,92
2024-12-02T22:38:04,89,3,4,92
2024-12-02T23:10:59,89,3,4,92
2024-12-02T23:43:34,89,3,4,92
2024-12-03T00:16:11,89,3,4,92
2024-12-03T00:48:53,89,3,4,92
2024-12-03T01:21:33,89,3,4,92
2024-12-03T01:54:32,89,3,4,92
2024-12-03T02:27:13,89,3,4,92
2024-12-03T02:59:49,89,3,4,92
2024-12-03T03:32:30,89,3,4,92
2024-12-03T04:05:08,89,3,4,92
2024-12-03T04:33:54,89,3,4,92
2024-12-03T05:08:11,89,3,4,92
2024-12-03T05:40:50,89,3,4,92
2024-12-03T06:13:26,89,3,4,92
2024-12-03T06:46:05,89,3,4,92
2024-12-03T07:18:45,89,3,4,92
2024-12-03T07:51:22,89,3,4,92
2024-12-03T08:24:55,89,3,4,92
2024-12-03T09:06:56,89,3,4,92
2024-12-03T09:39:33,89,3,4,92
2024-12-03T10:12:19,89,3,4,92
2024-12-03T10:44:59,89,3,4,92
2024-12-03T11:17:39,89,3,4,92
2024-12-03T11:50:34,89,3,4,92
2024-12-03T12:23:51,89,3,4,92
2024-12-03T12:56:54,89,3,4,92
2024-12-03T13:45:03,89,3,4,92
2024-12-03T14:18:09,89,3,4,92
2024-12-03T14:51:36,89,3,4,92
2024-12-03T15:24:56,89,3,4,92
2024-12-03T15:58:13,89,3,4,92
2024-12-03T16:31:31,89,3,4,92
2024-12-03T17:04:38,89,3,5,92
2024-12-03T17:37:55,89,3,6,92
2024-12-03T18:11:12,89,3,6,92
2024-12-03T18:44:17,89,3,6,92
2024-12-03T19:17:40,91,1,5,92
2024-12-03T19:50:43,92,0,4,92
2024-12-03T20:23:47,92,0,4,92
2024-12-03T20:57:03,92,0,4,92
2024-12-03T21:30:09,92,0,4,92
2024-12-03T22:03:25,92,0,4,92
2024-12-03T22:36:30,92,0,4,92
2024-12-03T23:09:36,92,0,4,92
2024-12-03T23:42:53,92,0,4,92
2024-12-04T00:16:26,92,0,4,92
2024-12-04T00:49:40,92,0,4,92
2024-12-04T01:22:51,92,0,4,92
2024-12-04T01:56:13,92,0,4,92
2024-12-04T02:29:32,92,0,4,92
2024-12-04T03:02:41,92,0,4,92
2024-12-04T03:35:53,92,0,4,92
2024-12-04T04:09:04,92,0,4,92
2024-12-04T04:42:01,92,0,4,92
2024-12-04T05:15:15,92,0,4,92
2024-12-04T05:50:06,92,0,4,92
2024-12-04T06:23:19,92,0,4,92
2024-12-04T06:56:27,92,0,4,92
2024-12-04T07:29:39,92,0,4,92
2024-12-04T08:02:45,92,0,4,92
2024-12-04T08:35:59,92,0,4,92
2024-12-04T09:09:07,92,0,4,92
2024-12-04T09:42:12,92,0,4,92
2024-12-04T10:15:18,92,0,5,92
2024-12-04T10:48:34,92,0,5,92
2024-12-04T11:21:39,92,0,5,92
2024-12-04T11:54:56,92,0,5,92
2024-12-04T12:28:02,92,0,5,92
2024-12-04T13:01:17,92,0,5,92
2024-12-04T13:34:23,92,0,5,92
2024-12-04T14:07:38,92,0,5,92
2024-12-04T14:40:43,92,0,5,92
2024-12-04T15:14:00,92,0,5,92
2024-12-04T15:47:07,92,0,5,92
2024-12-04T16:20:23,92,0,5,92
2024-12-04T16:53:28,92,0,5,92
2024-12-04T17:26:46,92,0,5,92
2024-12-04T17:59:53,92,0,5,92
2024-12-04T18:33:11,92,0,5,92
2024-12-04T19:06:16,92,0,5,92
2024-12-04T19:39:22,92,0,5,92
2024-12-04T20:12:37,92,0,5,92
2024-12-04T20:45:41,92,0,5,92
2024-12-04T21:18:46,92,0,5,92
2024-12-04T21:52:02,92,0,5,92
2024-12-04T22:25:09,92,0,5,92
2024-12-04T22:58:14,92,0,5,92
2024-12-04T23:31:29,92,0,5,92
2024-12-05T00:04:35,92,0,5,92
2024-12-05T01:12:48,92,0,5,92
2024-12-05T02:13:13,92,0,5,92
2024-12-05T03:07:20,92,0,5,92
2024-12-05T03:40:59,92,0,5,92
2024-12-05T05:15:59,92,0,5,92
2024-12-05T05:59:01,92,0,5,92
2024-12-05T06:32:11,92,0,5,92
2024-12-05T07:05:19,92,0,5,92
2024-12-05T07:38:29,92,0,5,92
2024-12-05T08:11:39,92,0,5,92
2024-12-05T08:44:45,92,0,5,92
2024-12-05T09:18:01,92,0,5,92
2024-12-05T09:51:07,92,0,5,92
2024-12-05T10:24:13,92,0,5,92
2024-12-05T10:57:20,92,0,5,92
2024-12-05T11:30:41,92,0,5,92
2024-12-05T12:03:46,92,0,5,92
2024-12-05T12:37:02,92,0,5,92
2024-12-05T13:10:10,92,0,5,92
2024-12-05T13:43:26,92,0,5,92
2024-12-05T14:16:32,92,0,5,92
2024-12-05T14:49:48,92,0,5,92
2024-12-05T15:22:58,92,0,5,92
2024-12-05T15:56:18,92,0,5,92
2024-12-05T16:29:28,92,0,5,92
2024-12-05T17:02:47,92,0,5,92
2024-12-05T17:35:57,92,0,5,92
2024-12-05T18:09:06,92,0,5,92
2024-12-05T18:42:27,92,0,5,92
2024-12-05T19:15:36,92,0,5,92
2024-12-05T19:48:45,92,0,5,92
2024-12-05T20:22:05,92,0,5,92
2024-12-05T20:55:14,92,0,5,92
2024-12-05T21:28:25,92,0,5,92
2024-12-05T22:01:34,92,0,5,92
2024-12-05T22:34:55,92,0,5,92
2024-12-05T23:08:04,92,0,5,92
2024-12-05T23:41:13,92,0,5,92
2024-12-06T00:14:38,92,0,5,92
2024-12-06T00:47:53,92,0,5,92
2024-12-06T01:21:08,92,0,5,92
2024-12-06T01:54:24,92,0,5,92
2024-12-06T02:27:39,92,0,5,92
2024-12-06T03:01:02,92,0,5,92
2024-12-06T03:34:15,92,0,5,92
2024-12-06T04:09:29,92,0,5,92
2024-12-06T04:41:36,92,0,5,92
2024-12-06T05:14:51,92,0,5,92
2024-12-06T05:48:08,92,0,5,92
2024-12-06T06:21:22,92,0,5,92
2024-12-06T06:54:37,92,0,5,92
2024-12-06T07:27:53,92,0,5,92
2024-12-06T08:01:08,92,0,5,92
2024-12-06T08:34:29,92,0,5,92
2024-12-06T09:07:40,92,0,5,92
2024-12-06T09:40:51,92,0,5,92
2024-12-06T10:14:01,92,0,5,92
2024-12-06T10:47:22,92,0,5,92
2024-12-06T11:20:37,92,0,5,92
2024-12-06T11:53:57,92,0,5,92
2024-12-06T12:27:11,92,0,5,92
2024-12-06T13:00:32,92,0,5,92
2024-12-06T13:33:43,92,0,5,92
2024-12-06T14:06:53,91,1,5,92
2024-12-06T14:40:20,91,1,5,92
2024-12-06T15:13:34,91,1,5,92
2024-12-06T15:46:58,91,1,5,92
2024-12-06T16:20:10,91,1,5,92
2024-12-06T16:53:32,91,1,5,92
2024-12-06T17:26:43,91,1,5,92
2024-12-06T17:59:54,91,1,5,92
2024-12-06T18:33:17,91,1,5,92
2024-12-06T19:06:31,91,1,5,92
2024-12-06T19:39:42,91,1,5,92
2024-12-06T20:13:05,91,1,5,92
2024-12-06T20:46:16,91,1,5,92
2024-12-06T21:19:37,91,1,5,92
2024-12-06T21:52:49,91,1,5,92
2024-12-06T22:26:00,91,1,5,92
2024-12-06T22:59:20,92,0,4,92
2024-12-06T23:32:32,92,0,4,92
2024-12-07T00:07:32,92,0,4,92
2024-12-07T01:02:00,92,0,4,92
2024-12-07T01:43:04,92,0,4,92
2024-12-07T02:18:20,92,0,4,92
2024-12-07T03:14:19,92,0,4,92
2024-12-07T03:50:03,92,0,4,92
2024-12-07T05:59:01,92,0,4,92
2024-12-07T06:32:17,92,0,4,92
2024-12-07T07:05:32,92,0,4,92
2024-12-07T07:38:49,92,0,4,92
2024-12-07T08:12:14,92,0,4,92
2024-12-07T08:45:29,92,0,4,92
2024-12-07T09:18:44,92,0,4,92
2024-12-07T09:51:59,92,0,4,92
2024-12-07T10:25:21,92,0,4,92
2024-12-07T10:58:36,92,0,4,92
2024-12-07T11:31:57,92,0,4,92
2024-12-07T12:05:10,92,0,4,92
2024-12-07T12:38:22,92,0,4,92
2024-12-07T13:11:36,92,0,4,92
2024-12-07T13:44:57,92,0,4,92
2024-12-07T14:18:08,92,0,4,92
2024-12-07T14:51:29,92,0,4,92
2024-12-07T15:24:38,92,0,4,92
2024-12-07T15:57:49,92,0,4,92
2024-12-07T16:31:01,92,0,4,92
2024-12-07T17:04:20,92,0,4,92
2024-12-07T17:37:32,92,0,4,92
2024-12-07T18:10:43,92,0,4,92
2024-12-07T18:44:03,92,0,4,92
2024-12-07T19:17:14,92,0,4,92
2024-12-07T19:50:24,92,0,4,92
2024-12-07T20:23:36,92,0,4,92
2024-12-07T20:56:55,92,0,4,92
2024-12-07T21:30:07,92,0,4,92
2024-12-07T22:03:17,92,0,4,92
2024-12-07T22:36:28,92,0,4,92
2024-12-07T23:09:38,92,0,4,92
2024-12-07T23:42:57,92,0,4,92
2024-12-08T00:16:09,92,0,4,92
2024-12-08T00:49:22,92,0,4,92
2024-12-08T01:22:35,92,0,4,92
2024-12-08T01:55:47,92,0,4,92
2024-12-08T02:28:59,92,0,4,92
2024-12-08T03:02:21,92,0,4,92
2024-12-08T03:36:01,92,0,4,92
2024-12-08T04:10:03,92,0,4,92
2024-12-08T04:41:54,92,0,4,92
2024-12-08T05:15:12,92,0,4,92
2024-12-08T05:48:33,92,0,4,92
2024-12-08T06:21:49,92,0,4,92
2024-12-08T06:55:04,92,0,4,92
2024-12-08T07:28:21,92,0,4,92
2024-12-08T08:02:02,92,0,4,92
2024-12-08T08:35:27,92,0,4,92
2024-12-08T09:08:39,92,0,4,92
2024-12-08T09:41:53,92,0,4,92
2024-12-08T10:15:11,92,0,4,92
2024-12-08T10:48:27,92,0,4,92
2024-12-08T11:21:42,92,0,4,92
2024-12-08T11:55:02,92,0,4,92
2024-12-08T12:28:13,92,0,4,92
2024-12-08T13:01:22,92,0,4,92
2024-12-08T13:34:42,92,0,4,92
2024-12-08T14:07:51,92,0,4,92
2024-12-08T14:41:04,92,0,4,92
2024-12-08T15:14:25,92,0,4,92
2024-12-08T15:47:36,92,0,4,92
2024-12-08T16:20:47,92,0,4,92
2024-12-08T16:54:08,92,0,4,92
2024-12-08T17:27:19,92,0,4,92
2024-12-08T18:00:29,92,0,4,92
2024-12-08T18:33:49,92,0,4,92
2024-12-08T19:07:02,92,0,4,92
2024-12-08T19:40:14,92,0,4,92
2024-12-08T20:13:32,92,0,4,92
2024-12-08T20:46:44,92,0,4,92
2024-12-08T21:19:56,92,0,4,92
2024-12-08T21:53:09,92,0,4,92
2024-12-08T22:26:29,92,0,4,92
2024-12-08T22:59:40,92,0,4,92
2024-12-08T23:32:53,92,0,4,92
2024-12-09T00:06:18,92,0,4,92
2024-12-09T00:39:35,92,0,4,92
2024-12-09T01:12:56,92,0,4,92
2024-12-09T01:46:11,92,0,4,92
2024-12-09T02:19:25,92,0,4,92
2024-12-09T02:52:48,92,0,4,92
2024-12-09T03:26:02,92,0,4,92
2024-12-09T03:59:16,92,0,4,92
2024-12-09T04:35:04,92,0,4,92
2024-12-09T05:08:20,92,0,4,92
2024-12-09T05:41:42,92,0,4,92
2024-12-09T06:14:57,92,0,4,92
2024-12-09T06:48:12,92,0,4,92
2024-12-09T07:21:27,92,0,4,92
2024-12-09T07:54:39,92,0,4,92
2024-12-09T08:27:58,92,0,4,92
2024-12-09T09:01:11,92,0,4,92
2024-12-09T09:34:24,92,0,4,92
2024-12-09T10:07:36,92,0,4,92
2024-12-09T10:41:04,92,0,4,92
2024-12-09T11:14:17,92,0,4,92
2024-12-09T11:47:41,92,0,4,92
2024-12-09T12:20:54,92,0,4,92
2024-12-09T12:54:17,92,0,4,92
2024-12-09T13:27:29,92,0,4,92
2024-12-09T14:00:49,92,0,4,92
2024-12-09T14:34:17,92,0,4,92
2024-12-09T15:07:30,92,0,4,92
2024-12-09T15:40:56,92,0,4,92
2024-12-09T16:14:08,92,0,4,92
2024-12-09T16:47:32,92,0,4,92
2024-12-09T17:20:46,92,0,4,92
2024-12-09T17:53:59,92,0,4,92
2024-12-09T18:27:23,92,0,4,92
2024-12-09T19:00:38,92,0,4,92
2024-12-09T19:33:56,92,0,4,92
2024-12-09T20:07:22,92,0,4,92
2024-12-09T20:40:38,92,0,4,92
2024-12-09T21:13:54,92,0,4,92
2024-12-09T21:47:13,92,0,4,92
2024-12-09T22:20:39,92,0,4,92
2024-12-09T22:53:57,92,0,4,92
2024-12-09T23:27:15,92,0,4,92
2024-12-10T00:00:41,92,0,4,92
2024-12-10T00:34:20,92,0,4,92
2024-12-10T01:07:45,92,0,4,92
2024-12-10T01:41:07,92,0,4,92
2024-12-10T02:14:33,92,0,4,92
2024-12-10T02:47:53,92,0,4,92
2024-12-10T03:21:20,92,0,4,92
2024-12-10T03:55:56,92,0,4,92
2024-12-10T04:34:44,92,0,4,92
2024-12-10T05:08:05,92,0,4,92
2024-12-10T05:41:28,92,0,4,92
2024-12-10T06:14:49,92,0,4,92
2024-12-10T06:48:09,92,0,4,92
2024-12-10T07:21:31,92,0,4,92
2024-12-10T07:54:49,92,0,4,92
2024-12-10T08:28:07,92,0,4,92
2024-12-10T09:01:34,92,0,4,92
2024-12-10T09:34:52,92,0,4,92
2024-12-10T10:08:11,92,0,4,92
2024-12-10T10:41:29,92,0,4,92
2024-12-10T11:14:58,92,0,4,92
2024-12-10T11:48:26,92,0,4,92
2024-12-10T12:21:45,92,0,4,92
2024-12-10T12:55:04,92,0,4,92
2024-12-10T13:28:33,92,0,4,92
2024-12-10T14:01:52,92,0,4,92
2024-12-10T14:35:22,92,0,4,92
2024-12-10T15:08:42,92,0,4,92
2024-12-10T15:42:01,92,0,4,92
2024-12-10T16:15:31,92,0,4,92
2024-12-10T16:48:48,92,0,4,92
2024-12-10T17:22:10,92,0,4,92
2024-12-10T17:55:38,92,0,4,92
2024-12-10T18:28:58,92,0,4,92
2024-12-10T19:02:17,92,0,4,92
2024-12-10T19:35:45,92,0,4,92
2024-12-10T20:09:05,92,0,4,92
2024-12-10T20:42:24,92,0,4,92
2024-12-10T21:15:54,92,0,4,92
2024-12-10T21:49:15,92,0,4,92
2024-12-10T22:22:36,92,0,4,92
2024-12-10T22:55:55,92,0,4,92
2024-12-10T23:29:24,92,0,4,92
2024-12-11T00:02:45,92,0,4,92
2024-12-11T00:36:17,92,0,4,92
2024-12-11T01:09:45,92,0,4,92
2024-12-11T01:43:16,92,0,4,92
2024-12-11T02:16:41,92,0,4,92
2024-12-11T02:50:05,92,0,4,92
2024-12-11T03:23:28,92,0,4,92
2024-12-11T03:57:10,92,0,4,92
2024-12-11T04:43:56,92,0,4,92
2024-12-11T05:17:22,92,0,4,92
2024-12-11T05:50:46,92,0,4,92
2024-12-11T06:24:10,92,0,4,92
2024-12-11T06:57:37,92,0,4,92
2024-12-11T07:31:01,92,0,4,92
2024-12-11T08:04:36,92,0,4,92
2024-12-11T08:37:57,92,0,4,92
2024-12-11T09:11:19,92,0,4,92
2024-12-11T09:44:39,92,0,4,92
2024-12-11T10:18:09,92,0,4,92
2024-12-11T10:51:30,92,4,4,96
2024-12-11T11:25:14,92,4,4,96
2024-12-11T11:58:36,92,4,4,96
2024-12-11T12:32:07,92,4,4,96
2024-12-11T13:05:28,92,4,4,96
2024-12-11T13:39:00,92,4,4,96
2024-12-11T14:12:22,92,4,4,96
2024-12-11T14:45:56,92,4,4,96
2024-12-11T15:19:36,92,4,4,96
2024-12-11T15:52:56,92,4,4,96
2024-12-11T16:26:17,92,4,4,96
2024-12-11T16:59:47,92,4,4,96
2024-12-11T17:33:08,92,4,4,96
2024-12-11T18:06:40,92,4,4,96
2024-12-11T18:40:00,92,4,4,96
2024-12-11T19:13:20,92,4,4,96
2024-12-11T19:46:59,92,4,4,96
2024-12-11T20:20:19,92,4,4,96
2024-12-11T20:53:41,92,4,4,96
2024-12-11T21:27:13,92,4,4,96
2024-12-11T22:00:34,92,4,4,96
2024-12-11T22:33:56,95,1,1,96
2024-12-11T23:07:26,95,1,1,96
2024-12-11T23:40:48,95,1,1,96
2024-12-12T00:14:23,95,1,1,96
2024-12-12T00:48:11,95,1,1,96
2024-12-12T01:21:37,95,1,1,96
2024-12-12T01:55:06,95,1,1,96
2024-12-12T02:28:30,95,1,1,96
2024-12-12T03:01:50,95,1,1,96
2024-12-12T03:35:13,95,1,1,96
2024-12-12T04:08:35,95,1,1,96
2024-12-12T04:43:04,95,1,1,96
2024-12-12T05:16:36,95,1,1,96
2024-12-12T05:50:02,95,1,1,96
2024-12-12T06:23:26,95,1,1,96
2024-12-12T06:56:52,95,1,1,96
2024-12-12T07:30:15,95,1,1,96
2024-12-12T08:03:37,95,1,1,96
2024-12-12T08:37:12,95,1,1,96
2024-12-12T09:10:35,95,1,1,96
2024-12-12T09:43:57,95,1,1,96
2024-12-12T10:17:19,95,1,1,96
2024-12-12T10:50:52,95,1,1,96
2024-12-12T11:24:15,95,1,1,96
2024-12-12T11:57:54,95,1,1,96
2024-12-12T12:31:16,95,1,1,96
2024-12-12T13:04:49,95,1,1,96
2024-12-12T13:38:13,95,1,1,96
2024-12-12T14:11:48,95,1,1,96
2024-12-12T14:45:21,95,1,1,96
2024-12-12T15:18:43,95,1,1,96
2024-12-12T15:52:07,95,1,1,96
2024-12-12T16:25:49,95,1,1,96
2024-12-12T16:59:12,95,1,1,96
2024-12-12T17:32:46,95,1,1,96
2024-12-12T18:06:12,95,1,1,96
2024-12-12T18:39:45,95,1,1,96
2024-12-12T19:13:08,95,1,1,96
2024-12-12T19:46:31,95,1,1,96
2024-12-12T20:20:06,95,1,1,96
2024-12-12T20:53:32,95,1,1,96
2024-12-12T21:26:55,95,1,1,96
2024-12-12T22:00:37,95,1,1,96
2024-12-12T22:34:00,95,1,1,96
2024-12-12T23:07:23,95,1,1,96
2024-12-12T23:40:47,95,1,1,96
2024-12-13T00:14:23,95,1,1,96
2024-12-13T00:47:56,95,1,1,96
2024-12-13T01:21:25,95,1,1,96
2024-12-13T01:54:59,95,1,1,96
2024-12-13T02:28:30,95,1,1,96
2024-12-13T03:02:11,95,1,1,96
2024-12-13T03:35:43,95,1,1,96
2024-12-13T04:09:10,95,1,1,96
2024-12-13T04:42:21,95,1,1,96
2024-12-13T05:15:49,95,1,1,96
2024-12-13T05:49:15,95,1,1,96
2024-12-13T06:22:43,95,1,1,96
2024-12-13T06:56:09,95,1,1,96
2024-12-13T07:29:40,95,1,1,96
2024-12-13T08:03:22,95,1,1,96
2024-12-13T08:36:46,95,1,1,96
2024-12-13T09:10:11,95,1,1,96
2024-12-13T09:43:38,95,1,1,96
2024-12-13T10:17:16,95,1,1,96
2024-12-13T10:50:46,95,1,1,96
2024-12-13T11:24:34,95,1,1,96
2024-12-13T11:58:01,95,1,2,96
2024-12-13T12:31:27,95,1,2,96
2024-12-13T13:05:04,95,1,2,96
2024-12-13T13:38:30,95,1,2,96
2024-12-13T14:12:17,95,1,2,96
2024-12-13T14:45:49,95,1,2,96
2024-12-13T15:19:26,95,1,2,96
2024-12-13T15:52:56,95,1,2,96
2024-12-13T16:26:42,95,1,2,96
2024-12-13T17:00:10,96,0,2,96
2024-12-13T17:33:48,96,0,2,96
2024-12-13T18:07:17,96,0,2,96
2024-12-13T18:40:54,96,0,2,96
2024-12-13T19:14:30,96,0,2,96
2024-12-13T19:48:06,96,0,2,96
2024-12-13T20:21:32,96,0,2,96
2024-12-13T20:55:08,96,0,2,96
2024-12-13T21:28:59,96,0,2,96
2024-12-13T22:02:25,96,0,2,96
2024-12-13T22:36:03,96,0,2,96
2024-12-13T23:09:30,96,0,2,96
2024-12-13T23:43:17,96,0,2,96
2024-12-14T00:16:58,96,0,2,96
2024-12-14T00:50:50,96,0,2,96
2024-12-14T01:24:18,96,0,2,96
2024-12-14T01:57:57,96,0,2,96
2024-12-14T02:31:21,96,0,2,96
2024-12-14T03:05:07,96,0,2,96
2024-12-14T03:38:32,96,0,2,96
2024-12-14T04:12:09,96,0,2,96
2024-12-14T04:38:52,96,0,2,96
2024-12-14T05:12:22,96,0,2,96
2024-12-14T05:46:00,96,0,2,96
2024-12-14T06:19:34,96,0,2,96
2024-12-14T06:53:06,96,0,2,96
2024-12-14T07:26:45,96,0,2,96
2024-12-14T08:00:19,96,0,2,96
2024-12-14T08:33:46,96,0,2,96
2024-12-14T09:07:22,96,0,2,96
2024-12-14T09:40:49,96,0,2,96
2024-12-14T10:14:26,96,0,2,96
2024-12-14T10:47:53,96,0,2,96
2024-12-14T11:21:31,96,0,2,96
2024-12-14T11:55:06,96,0,2,96
2024-12-14T12:28:30,96,0,2,96
2024-12-14T13:02:05,96,0,2,96
2024-12-14T13:35:29,96,0,2,96
2024-12-14T14:09:03,96,0,2,96
2024-12-14T14:42:42,96,0,2,96
2024-12-14T15:16:18,96,0,2,96
2024-12-14T15:49:52,96,0,2,96
2024-12-14T16:23:18,96,0,2,96
2024-12-14T16:56:51,96,0,2,96
2024-12-14T17:30:17,96,0,2,96
2024-12-14T18:03:51,96,0,2,96
2024-12-14T18:37:26,96,0,2,96
2024-12-14T19:10:51,96,0,2,96
2024-12-14T19:44:27,96,0,2,96
2024-12-14T20:17:53,96,0,2,96
2024-12-14T20:51:17,96,0,2,96
2024-12-14T21:24:52,96,0,2,96
2024-12-14T21:58:28,96,0,2,96
2024-12-14T22:31:55,96,0,2,96
2024-12-14T23:05:29,96,0,2,96
2024-12-14T23:38:54,96,0,2,96
2024-12-15T00:12:28,96,0,2,96
2024-12-15T01:13:09,96,0,2,96
2024-12-15T01:46:35,96,0,2,96
2024-12-15T02:20:13,96,0,2,96
2024-12-15T02:53:40,96,0,2,96
2024-12-15T03:27:19,96,0,2,96
2024-12-15T04:00:45,96,0,2,96
2024-12-15T04:32:04,96,0,2,96
2024-12-15T05:07:26,96,0,2,96
2024-12-15T05:41:06,96,0,2,96
2024-12-15T06:14:39,96,0,2,96
2024-12-15T06:48:10,96,0,2,96
2024-12-15T07:21:43,96,0,2,96
2024-12-15T07:55:22,96,0,2,96
2024-12-15T08:28:51,96,0,2,96
2024-12-15T09:02:18,96,0,2,96
2024-12-15T09:35:46,96,0,2,96
2024-12-15T10:09:17,96,0,2,96
2024-12-15T10:42:46,96,0,2,96
2024-12-15T11:16:26,96,0,2,96
2024-12-15T11:49:55,96,0,2,96
2024-12-15T12:23:31,96,0,2,96
2024-12-15T12:56:57,96,0,2,96
2024-12-15T13:30:22,96,0,2,96
2024-12-15T14:03:50,96,0,2,96
2024-12-15T14:37:28,96,0,2,96
2024-12-15T15:10:54,96,0,2,96
2024-12-15T15:44:20,96,0,2,96
2024-12-15T16:17:58,96,0,3,96
2024-12-15T16:51:25,96,0,3,96
2024-12-15T17:24:52,96,0,3,96
2024-12-15T17:58:17,96,0,3,96
2024-12-15T18:31:56,96,0,3,96
2024-12-15T19:05:22,96,0,3,96
2024-12-15T19:39:00,96,0,3,96
2024-12-15T20:12:26,96,0,3,96
2024-12-15T20:45:52,96,0,3,96
2024-12-15T21:19:33,95,1,3,96
2024-12-15T21:53:02,95,1,3,96
2024-12-15T22:26:29,95,1,3,96
2024-12-15T23:00:10,96,0,2,96
2024-12-15T23:33:38,96,0,2,96
2024-12-16T00:07:04,96,0,2,96
2024-12-16T00:40:37,96,0,2,96
2024-12-16T01:14:23,96,0,2,96
2024-12-16T01:47:55,96,0,2,96
2024-12-16T02:21:33,96,0,2,96
2024-12-16T02:55:05,96,0,2,96
2024-12-16T03:28:33,96,0,2,96
2024-12-16T04:02:12,96,0,2,96
2024-12-16T04:36:12,96,0,2,96
2024-12-16T05:09:43,96,0,2,96
2024-12-16T05:43:17,96,0,2,96
2024-12-16T06:16:50,96,0,2,96
2024-12-16T06:50:21,96,0,2,96
2024-12-16T07:23:57,96,0,2,96
2024-12-16T07:57:38,96,0,2,96
2024-12-16T08:31:09,96,0,2,96
2024-12-16T09:04:41,96,0,2,96
2024-12-16T09:38:11,96,0,2,96
2024-12-16T10:11:50,96,0,2,96
2024-12-16T10:45:21,96,0,2,96
2024-12-16T11:19:03,96,0,2,96
2024-12-16T11:52:45,96,0,2,96
2024-12-16T12:26:17,96,0,2,96
2024-12-16T12:59:55,96,0,2,96
2024-12-16T13:33:36,96,0,2,96
2024-12-16T14:07:06,96,0,2,96
2024-12-16T14:40:47,96,0,2,96
2024-12-16T15:14:16,96,0,2,96
2024-12-16T15:47:57,96,0,2,96
2024-12-16T16:21:31,96,0,2,96
2024-12-16T16:55:11,96,0,2,96
2024-12-16T17:28:53,96,0,2,96
2024-12-16T18:02:37,96,0,2,96
2024-12-16T18:36:07,96,0,2,96
2024-12-16T19:09:47,96,0,2,96
2024-12-16T19:43:18,96,0,2,96
2024-12-16T20:16:58,96,0,2,96
2024-12-16T20:50:28,96,0,2,96
2024-12-16T21:24:14,96,0,2,96
2024-12-16T21:57:46,96,0,2,96
2024-12-16T22:31:30,96,0,2,96
2024-12-16T23:05:13,96,0,2,96
2024-12-16T23:38:43,96,0,2,96
2024-12-17T00:12:25,96,0,2,96
2024-12-17T00:46:09,96,0,2,96
2024-12-17T01:19:47,96,0,2,96
2024-12-17T01:53:42,96,0,2,96
2024-12-17T02:27:18,96,0,2,96
2024-12-17T03:00:53,96,0,2,96
2024-12-17T03:34:23,96,0,2,96
2024-12-17T04:07:57,96,0,2,96
2024-12-17T04:39:02,96,0,2,96
2024-12-17T05:12:33,96,0,2,96
2024-12-17T05:46:07,96,0,2,96
2024-12-17T06:19:38,96,0,2,96
2024-12-17T06:53:07,96,0,2,96
2024-12-17T07:27:06,96,0,2,96
2024-12-17T08:00:41,96,0,2,96
2024-12-17T08:34:14,96,0,2,96
2024-12-17T09:07:56,96,0,2,96
2024-12-17T09:41:28,96,0,2,96
2024-12-17T10:15:16,96,0,2,96
2024-12-17T10:48:51,96,0,2,96
2024-12-17T11:22:41,96,0,2,96
2024-12-17T11:56:27,96,0,2,96
2024-12-17T12:30:14,96,0,2,96
2024-12-17T13:03:50,96,0,2,96
2024-12-17T13:37:34,96,0,2,96
2024-12-17T14:11:21,96,0,2,96
2024-12-17T14:45:05,96,0,2,96
2024-12-17T15:18:50,96,0,2,96
2024-12-17T15:52:24,96,0,2,96
2024-12-17T16:26:08,96,0,2,96
2024-12-17T16:59:52,96,0,2,96
2024-12-17T17:33:26,96,0,2,96
2024-12-17T18:07:09,96,0,2,96
2024-12-17T18:40:57,96,0,2,96
2024-12-17T19:14:32,96,0,2,96
2024-12-17T19:48:17,96,0,2,96
2024-12-17T20:22:02,96,0,2,96
2024-12-17T20:55:36,96,0,2,96
2024-12-17T21:29:23,96,0,2,96
2024-12-17T22:03:11,96,0,2,96
2024-12-17T22:37:01,96,0,2,96
2024-12-17T23:10:38,96,0,2,96
2024-12-17T23:44:25,96,0,2,96
2024-12-18T00:18:04,96,0,2,96
2024-12-18T00:51:59,96,0,2,96
2024-12-18T01:25:43,96,0,2,96
2024-12-18T01:59:52,96,0,2,96
2024-12-18T02:33:33,96,0,2,96
2024-12-18T03:07:07,96,0,2,96
2024-12-18T03:40:58,96,0,2,96
2024-12-18T04:33:52,96,0,2,96
2024-12-18T05:07:55,96,0,2,96
2024-12-18T05:41:31,96,0,2,96
2024-12-18T06:15:08,96,0,2,96
2024-12-18T06:48:56,96,0,2,96
2024-12-18T07:22:36,96,0,2,96
2024-12-18T07:56:13,96,0,2,96
2024-12-18T08:29:59,96,0,2,96
2024-12-18T09:03:36,96,0,2,96
2024-12-18T09:37:25,96,0,2,96
2024-12-18T10:11:17,96,0,2,96
2024-12-18T10:44:53,96,0,2,96
2024-12-18T11:18:44,96,0,2,96
2024-12-18T11:52:34,96,0,2,96
2024-12-18T12:26:22,96,0,2,96
2024-12-18T12:59:57,96,0,2,96
2024-12-18T13:33:46,96,0,3,96
2024-12-18T14:07:32,96,0,3,96
2024-12-18T14:41:22,96,0,3,96
2024-12-18T15:15:00,96,0,3,96
2024-12-18T15:48:48,96,0,4,96
2024-12-18T16:22:24,96,0,4,96
2024-12-18T16:56:12,96,0,4,96
2024-12-18T17:29:50,96,0,4,96
2024-12-18T18:03:42,96,0,4,96
2024-12-18T18:37:18,96,0,4,96
2024-12-18T19:11:09,96,0,4,96
2024-12-18T19:44:46,96,0,4,96
2024-12-18T20:18:35,96,0,4,96
2024-12-18T20:52:10,96,0,4,96
2024-12-18T21:25:59,96,0,4,96
2024-12-18T21:59:37,96,0,4,96
2024-12-18T22:33:26,96,0,4,96
2024-12-18T23:07:00,96,0,4,96
2024-12-18T23:40:48,96,0,4,96
2024-12-19T00:14:25,96,0,4,96
2024-12-19T00:47:58,96,0,4,96
2024-12-19T01:21:45,96,0,4,96
2024-12-19T01:55:30,96,0,4,96
2024-12-19T02:29:01,96,0,4,96
2024-12-19T03:02:34,96,0,4,96
2024-12-19T03:36:08,96,0,4,96
2024-12-19T04:12:30,96,0,4,96
2024-12-19T04:38:53,96,0,4,96
2024-12-19T05:12:37,96,0,4,96
2024-12-19T05:46:21,96,0,4,96
2024-12-19T06:20:02,96,0,4,96
2024-12-19T06:53:40,96,0,4,96
2024-12-19T07:27:24,96,0,4,96
2024-12-19T08:01:07,96,0,4,96
2024-12-19T08:34:45,96,0,4,96
2024-12-19T09:08:21,96,0,4,96
2024-12-19T09:42:06,96,0,4,96
2024-12-19T10:15:52,96,0,4,96
2024-12-19T10:49:30,96,0,4,96
2024-12-19T11:23:18,96,0,4,96
2024-12-19T11:56:55,96,0,4,96
2024-12-19T12:30:46,96,0,4,96
2024-12-19T13:04:24,96,0,4,96
2024-12-19T13:38:13,96,0,4,96
2024-12-19T14:11:48,96,0,4,96
2024-12-19T14:45:39,96,0,4,96
2024-12-19T15:19:14,96,0,4,96
2024-12-19T15:52:52,96,0,4,96
2024-12-19T16:26:42,96,0,4,96
2024-12-19T17:00:22,96,0,4,96
2024-12-19T17:34:10,96,0,4,96
2024-12-19T18:07:49,96,0,4,96
2024-12-19T18:41:40,96,0,4,96
2024-12-19T19:15:17,96,0,4,96
2024-12-19T19:48:56,96,0,4,96
2024-12-19T20:22:44,96,0,4,96
2024-12-19T20:56:24,96,0,4,96
2024-12-19T21:30:15,96,0,4,96
2024-12-19T22:03:53,96,0,4,96
2024-12-19T22:37:44,95,1,4,96
2024-12-19T23:11:21,95,1,4,96
2024-12-19T23:45:12,95,1,4,96
2024-12-20T00:19:00,95,1,4,96
2024-12-20T00:52:59,95,1,4,96
2024-12-20T01:26:42,95,1,4,96
2024-12-20T02:00:26,95,1,4,96
2024-12-20T02:34:07,95,1,4,96
2024-12-20T03:07:50,95,1,4,96
2024-12-20T03:41:45,95,1,4,96
2024-12-20T04:36:32,95,1,4,96
2024-12-20T05:10:13,95,1,4,96
2024-12-20T05:43:56,95,1,4,96
2024-12-20T06:17:35,95,1,4,96
2024-12-20T06:51:13,95,1,4,96
2024-12-20T07:24:53,95,1,4,96
2024-12-20T07:58:41,95,1,4,96
2024-12-20T08:32:19,95,1,4,96
2024-12-20T09:05:56,95,1,4,96
2024-12-20T09:39:36,95,1,4,96
2024-12-20T10:13:23,95,1,4,96
2024-12-20T10:47:00,95,1,4,96
2024-12-20T11:20:39,95,1,4,96
2024-12-20T11:54:25,95,1,4,96
2024-12-20T12:28:02,95,1,4,96
2024-12-20T13:01:49,95,1,4,96
2024-12-20T13:35:26,95,1,4,96
2024-12-20T14:09:13,95,1,4,96
2024-12-20T14:42:51,95,1,4,96
2024-12-20T15:16:40,95,1,4,96
2024-12-20T15:50:18,95,0,4,92
2024-12-20T16:23:58,95,0,4,92
2024-12-20T16:57:44,95,0,4,92
2024-12-20T17:31:22,95,0,4,92
2024-12-20T18:05:01,95,0,4,92
2024-12-20T18:38:48,95,0,4,92
2024-12-20T19:12:27,95,0,4,92
2024-12-20T19:46:06,95,0,4,92
2024-12-20T20:19:44,95,0,4,92
2024-12-20T20:53:33,95,0,4,92
2024-12-20T21:27:13,95,0,4,92
2024-12-20T22:00:52,95,0,4,92
2024-12-20T22:34:47,95,0,4,92
2024-12-20T23:08:27,95,0,4,92
2024-12-20T23:42:07,95,0,4,92
2024-12-21T00:15:49,95,0,4,92
2024-12-21T00:49:44,95,0,4,92
2024-12-21T01:23:25,95,0,4,92
2024-12-21T01:57:11,95,0,4,92
2024-12-21T02:30:52,95,0,4,92
2024-12-21T03:04:35,95,0,4,92
2024-12-21T03:38:26,95,0,4,92
2024-12-21T04:12:08,95,0,4,92
2024-12-21T04:41:16,95,0,4,92
2024-12-21T05:15:01,95,0,4,92
2024-12-21T05:48:43,95,0,4,92
2024-12-21T06:22:25,95,0,4,92
2024-12-21T06:56:06,95,0,4,92
2024-12-21T07:29:55,95,0,4,92
2024-12-21T08:03:40,95,0,4,92
2024-12-21T08:37:19,95,0,4,92
2024-12-21T09:10:56,95,0,4,92
2024-12-21T09:44:43,95,0,4,92
2024-12-21T10:18:22,95,0,4,92
2024-12-21T10:51:59,95,0,4,92
2024-12-21T11:25:39,95,0,4,92
2024-12-21T11:59:25,95,0,4,92
2024-12-21T12:33:03,95,0,4,92
2024-12-21T13:06:40,95,0,4,92
2024-12-21T13:40:19,95,0,4,92
2024-12-21T14:14:06,95,0,4,92
2024-12-21T14:47:43,95,0,4,92
2024-12-21T15:21:21,95,0,4,92
2024-12-21T15:54:59,95,0,4,92
2024-12-21T16:28:48,95,0,4,92
2024-12-21T17:02:26,95,0,4,92
2024-12-21T17:36:04,95,0,4,92
2024-12-21T18:09:42,95,0,4,92
2024-12-21T18:43:31,95,0,4,92
2024-12-21T19:17:08,95,0,4,92
2024-12-21T19:50:46,95,0,4,92
2024-12-21T20:24:23,95,0,4,92
2024-12-21T20:58:00,95,0,4,92
2024-12-21T21:31:50,95,0,4,92
2024-12-21T22:05:28,95,0,4,92
2024-12-21T22:39:06,95,0,4,92
2024-12-21T23:12:45,95,0,4,92
2024-12-21T23:46:35,95,0,4,92
2024-12-22T00:20:18,95,0,4,92
2024-12-22T00:54:01,95,0,4,92
2024-12-22T01:27:42,95,0,4,92
2024-12-22T02:01:25,95,0,4,92
2024-12-22T02:35:07,95,0,4,92
2024-12-22T03:08:58,95,0,4,92
2024-12-22T03:42:39,95,0,4,92
2024-12-22T04:34:10,95,0,4,92
2024-12-22T05:07:53,95,0,4,92
2024-12-22T05:41:37,95,0,4,92
2024-12-22T06:15:20,95,0,4,92
2024-12-22T06:49:04,95,0,4,92
2024-12-22T07:22:46,95,0,4,92
2024-12-22T07:56:31,95,0,4,92
2024-12-22T08:30:21,95,0,4,92
2024-12-22T09:04:06,95,0,4,92
2024-12-22T09:37:52,95,0,4,92
2024-12-22T10:11:39,95,0,4,92
2024-12-22T10:45:24,95,0,4,92
2024-12-22T11:19:08,95,0,4,92
2024-12-22T11:52:58,95,0,4,92
2024-12-22T12:26:38,95,0,4,92
2024-12-22T13:00:16,95,0,4,92
2024-12-22T13:33:53,95,0,4,92
2024-12-22T14:07:32,95,0,4,92
2024-12-22T14:41:20,95,0,4,92
2024-12-22T15:14:59,95,0,4,92
2024-12-22T15:48:37,95,0,4,92
2024-12-22T16:22:27,95,0,4,92
2024-12-22T16:56:05,95,0,4,92
2024-12-22T17:29:44,95,0,4,92
2024-12-22T18:03:21,95,0,4,92
2024-12-22T18:36:59,95,0,4,92
2024-12-22T19:10:47,95,0,4,92
2024-12-22T19:44:25,95,0,4,92
2024-12-22T20:18:03,95,0,4,92
2024-12-22T20:51:40,95,0,4,92
2024-12-22T21:25:28,95,0,4,92
2024-12-22T21:59:14,95,0,4,92
2024-12-22T22:32:59,95,0,4,92
2024-12-22T23:06:38,95,0,4,92
2024-12-22T23:40:27,95,0,4,92
2024-12-23T00:14:08,95,0,4,92
2024-12-23T00:47:58,95,0,4,92
2024-12-23T01:21:45,95,0,4,92
2024-12-23T01:55:29,95,0,4,92
2024-12-23T02:29:21,95,0,4,92
2024-12-23T03:03:11,95,0,4,92
2024-12-23T03:36:52,95,0,4,92
2024-12-23T04:28:30,95,0,4,92
2024-12-23T05:02:15,95,0,4,92
2024-12-23T05:36:00,95,0,4,92
2024-12-23T06:09:43,95,0,4,92
2024-12-23T06:43:26,95,0,4,92
2024-12-23T07:17:10,95,0,4,92
2024-12-23T07:50:49,95,0,4,92
2024-12-23T08:24:36,95,0,4,92
2024-12-23T08:58:16,95,0,4,92
2024-12-23T09:31:55,95,0,4,92
2024-12-23T10:05:35,95,0,4,92
2024-12-23T10:39:16,95,0,4,92
2024-12-23T11:13:09,95,0,4,92
2024-12-23T11:46:49,95,0,4,92
2024-12-23T12:20:29,95,0,4,92
2024-12-23T12:54:18,95,0,4,92
2024-12-23T13:27:57,95,0,4,92
2024-12-23T14:01:36,95,0,4,92
2024-12-23T14:35:24,95,0,4,92
2024-12-23T15:09:03,95,0,4,92
2024-12-23T15:42:41,95,0,4,92
2024-12-23T16:16:20,95,0,4,92
2024-12-23T16:49:58,95,0,4,92
2024-12-23T17:23:47,95,0,4,92
2024-12-23T17:57:26,95,0,4,92
2024-12-23T18:31:04,95,0,4,92
2024-12-23T19:04:44,95,0,4,92
2024-12-23T19:38:22,95,0,4,92
2024-12-23T20:12:09,95,0,4,92
2024-12-23T20:45:47,95,0,4,92
2024-12-23T21:19:30,95,0,4,92
2024-12-23T21:53:19,95,0,4,92
2024-12-23T22:27:01,95,0,4,92
2024-12-23T23:00:38,95,0,4,92
2024-12-23T23:34:18,95,0,4,92
2024-12-24T00:08:07,95,0,4,92
2024-12-24T00:41:51,95,0,4,92
2024-12-24T01:15:34,95,0,4,92
2024-12-24T01:49:18,95,0,4,92
2024-12-24T02:23:20,95,0,4,92
2024-12-24T02:57:00,95,0,4,92
2024-12-24T03:30:41,95,0,4,92
2024-12-24T04:04:21,95,0,4,92
2024-12-24T04:40:24,95,0,4,92
2024-12-24T05:14:08,95,0,4,92
2024-12-24T05:47:50,95,0,4,92
2024-12-24T06:21:32,95,0,4,92
2024-12-24T06:55:16,95,0,4,92
2024-12-24T07:29:00,95,0,4,92
2024-12-24T08:02:38,95,0,4,92
2024-12-24T08:36:25,95,0,4,92
2024-12-24T09:10:02,95,0,4,92
2024-12-24T09:43:40,95,0,4,92
2024-12-24T10:17:18,95,0,4,92
2024-12-24T10:50:55,95,0,4,92
2024-12-24T11:24:44,95,0,4,92
2024-12-24T11:58:22,95,0,4,92
2024-12-24T12:32:00,95,0,4,92
2024-12-24T13:05:39,95,0,4,92
2024-12-24T13:39:16,95,0,4,92
2024-12-24T14:12:53,95,0,4,92
2024-12-24T14:46:44,95,0,4,92
2024-12-24T15:20:22,95,0,4,92
2024-12-24T15:54:00,95,0,4,92
2024-12-24T16:27:38,95,0,4,92
2024-12-24T17:01:16,95,0,4,92
2024-12-24T17:35:04,95,0,4,92
2024-12-24T18:08:42,95,0,4,92
2024-12-24T18:42:20,95,0,4,92
2024-12-24T19:15:58,95,0,4,92
2024-12-24T19:49:36,95,0,4,92
2024-12-24T20:23:13,95,0,4,92
2024-12-24T20:57:03,95,0,4,92
2024-12-24T21:30:41,95,0,4,92
2024-12-24T22:04:19,95,0,4,92
2024-12-24T22:37:56,95,0,4,92
2024-12-24T23:11:34,95,0,4,92
2024-12-24T23:45:14,95,0,4,92
2024-12-25T00:18:54,95,0,4,92
2024-12-25T00:52:49,95,0,4,92
2024-12-25T01:26:33,95,0,4,92
2024-12-25T02:00:18,95,0,4,92
2024-12-25T02:34:09,95,0,4,92
2024-12-25T03:07:51,95,0,4,92
2024-12-25T03:41:33,95,0,4,92
2024-12-25T04:34:11,95,0,4,92
2024-12-25T05:07:55,95,0,4,92
2024-12-25T05:41:39,95,0,4,92
2024-12-25T06:15:22,95,0,4,92
2024-12-25T06:49:04,95,0,4,92
2024-12-25T07:22:46,95,0,4,92
2024-12-25T07:56:24,95,0,4,92
2024-12-25T08:30:02,95,0,4,92
2024-12-25T09:03:41,95,0,4,92
2024-12-25T09:37:25,95,0,4,92
2024-12-25T10:11:02,95,0,4,92
2024-12-25T10:44:40,95,0,4,92
2024-12-25T11:18:19,95,0,4,92
2024-12-25T11:51:57,95,0,4,92
2024-12-25T12:25:34,95,0,4,92
2024-12-25T12:59:20,95,0,4,92
2024-12-25T13:32:58,95,0,4,92
2024-12-25T14:06:36,95,0,4,92
2024-12-25T14:40:13,95,0,4,92
2024-12-25T15:13:51,95,0,4,92
2024-12-25T15:47:41,95,0,4,92
2024-12-25T16:21:18,95,0,4,92
2024-12-25T16:55:00,95,0,4,92
2024-12-25T17:28:38,95,0,4,92
2024-12-25T18:02:16,95,0,4,92
2024-12-25T18:35:54,95,0,4,92
2024-12-25T19:09:33,95,0,4,92
2024-12-25T19:43:20,95,0,4,92
2024-12-25T20:16:58,95,0,4,92
2024-12-25T20:50:37,95,0,4,92
2024-12-25T21:24:16,95,0,4,92
2024-12-25T21:57:54,95,0,4,92
2024-12-25T22:31:32,95,0,4,92
2024-12-25T23:05:21,95,0,4,92
2024-12-25T23:39:01,95,0,4,92
2024-12-26T00:12:41,95,0,4,92
2024-12-26T00:46:26,95,0,4,92
2024-12-26T01:20:09,95,0,4,92
2024-12-26T01:53:59,95,0,4,92
2024-12-26T02:27:48,95,0,4,92
2024-12-26T03:01:38,95,0,4,92
2024-12-26T03:35:20,95,0,4,92
2024-12-26T04:09:01,95,0,4,92
2024-12-26T04:34:47,95,0,4,92
2024-12-26T05:08:46,95,0,4,92
2024-12-26T05:42:29,95,0,4,92
2024-12-26T06:16:12,95,0,4,92
2024-12-26T06:49:58,95,0,4,92
2024-12-26T07:23:39,95,0,4,92
2024-12-26T07:57:17,95,0,4,92
2024-12-26T08:30:55,95,0,4,92
2024-12-26T09:04:41,95,0,4,92
2024-12-26T09:38:18,95,0,4,92
2024-12-26T10:11:57,95,0,4,92
2024-12-26T10:45:34,95,0,4,92
2024-12-26T11:19:12,95,0,4,92
2024-12-26T11:53:08,95,0,4,92
2024-12-26T12:26:46,95,0,4,92
2024-12-26T13:00:24,95,0,4,92
2024-12-26T13:34:02,95,0,4,92
2024-12-26T14:07:48,95,0,4,92
2024-12-26T14:41:26,95,0,4,92
2024-12-26T15:15:05,95,0,4,92
2024-12-26T15:48:59,95,0,4,92
2024-12-26T16:22:37,95,0,4,92
2024-12-26T16:56:15,95,0,4,92
2024-12-26T17:30:25,95,0,4,92
2024-12-26T18:04:57,95,0,4,92
2024-12-26T18:38:35,95,0,4,92
2024-12-26T19:12:58,95,0,4,92
2024-12-26T19:46:35,95,0,4,92
2024-12-26T20:20:13,95,0,4,92
2024-12-26T20:53:50,95,0,4,92
2024-12-26T21:27:47,95,0,4,92
2024-12-26T22:01:25,95,0,4,92
2024-12-26T22:35:02,95,0,4,92
2024-12-26T23:08:40,95,0,4,92
2024-12-26T23:42:19,95,0,4,92
2024-12-27T00:16:10,95,0,4,92
2024-12-27T00:49:54,95,0,4,92
2024-12-27T01:23:37,95,0,4,92
2024-12-27T01:57:20,95,0,4,92
2024-12-27T02:31:08,95,0,4,92
2024-12-27T03:04:49,95,0,4,92
2024-12-27T03:38:40,95,0,4,92
2024-12-28T15:24:22,95,0,4,92
2024-12-28T15:58:13,95,0,4,92
2024-12-28T16:31:52,95,0,4,92
2024-12-28T17:05:30,95,0,4,92
2024-12-28T17:39:12,95,0,4,92
2024-12-28T18:12:52,95,0,4,92
2024-12-28T18:46:32,95,0,4,92
2024-12-28T19:20:21,95,0,4,92
2024-12-28T19:54:00,95,0,4,92
2024-12-28T20:27:41,95,0,4,92
2024-12-28T21:01:21,95,0,4,92
2024-12-28T21:35:01,95,0,4,92
2024-12-28T22:08:51,95,0,4,92
2024-12-28T22:42:30,95,0,4,92
2024-12-28T23:16:10,95,0,4,92
2024-12-28T23:49:52,95,0,4,92
2024-12-29T00:23:47,95,0,4,92
2024-12-29T00:57:33,95,0,4,92
2024-12-29T01:31:16,95,0,4,92
2024-12-29T02:05:01,95,0,4,92
2024-12-29T02:38:48,95,0,4,92
2024-12-29T03:12:33,95,0,4,92
2024-12-29T03:46:17,95,0,4,92
2024-12-29T04:31:15,95,0,4,92
2024-12-29T05:05:00,95,0,4,92
2024-12-29T05:38:47,95,0,4,92
2024-12-29T06:12:31,95,0,4,92
2024-12-29T06:46:19,95,0,4,92
2024-12-29T07:20:02,95,0,4,92
2024-12-29T07:53:46,95,0,4,92
2024-12-29T08:27:31,95,0,4,92
2024-12-29T09:01:16,95,0,4,92
2024-12-29T09:35:15,95,0,4,92
2024-12-29T10:09:06,95,0,4,92
2024-12-29T10:42:54,95,0,4,92
2024-12-29T11:16:39,95,0,4,92
2024-12-29T11:50:19,95,0,4,92
2024-12-29T12:24:02,95,0,4,92
2024-12-29T12:57:51,95,0,4,92
2024-12-29T13:31:30,95,0,4,92
2024-12-29T14:05:10,95,0,4,92
2024-12-29T14:38:59,95,0,4,92
2024-12-29T15:12:39,95,0,4,92
2024-12-29T15:46:23,95,0,4,92
2024-12-29T16:20:03,95,0,4,92
2024-12-29T16:53:42,95,0,4,92
2024-12-29T17:27:39,95,0,4,92
2024-12-29T18:01:18,95,0,4,92
2024-12-29T18:34:57,95,0,4,92
2024-12-29T19:08:37,95,0,4,92
2024-12-29T19:42:17,95,0,4,92
2024-12-29T20:16:07,95,0,4,92
2024-12-29T20:49:46,95,0,4,92
2024-12-29T21:23:26,95,0,4,92
2024-12-29T21:57:13,95,0,4,92
2024-12-29T22:31:02,95,0,4,92
2024-12-29T23:04:56,95,0,4,92
2024-12-29T23:38:37,95,0,4,92
2024-12-30T00:12:18,95,0,4,92
2024-12-30T00:46:14,95,0,4,92
2024-12-30T01:20:06,95,0,4,92
2024-12-30T01:54:03,95,0,4,92
2024-12-30T02:27:53,95,0,4,92
2024-12-30T03:01:36,95,0,4,92
2024-12-30T03:35:19,95,0,4,92
2024-12-30T04:09:04,95,0,4,92
2024-12-30T04:38:09,95,0,4,92
2024-12-30T05:11:56,95,0,4,92
2024-12-30T05:47:42,95,0,4,92
2024-12-30T06:21:26,95,0,4,92
2024-12-30T06:55:11,95,0,4,92
2024-12-30T07:28:53,95,0,4,92
2024-12-30T08:02:32,95,0,4,92
2024-12-30T08:36:13,95,0,4,92
2024-12-30T09:10:03,95,0,4,92
2024-12-30T09:43:41,95,0,4,92
2024-12-30T10:17:20,95,0,4,92
2024-12-30T10:50:59,95,0,4,92
2024-12-30T11:24:39,95,0,4,92
2024-12-30T11:58:27,95,0,4,92
2024-12-30T12:32:06,95,0,4,92
2024-12-30T13:05:45,95,0,4,92
2024-12-30T13:39:33,95,0,4,92
2024-12-30T14:13:11,95,0,4,92
2024-12-30T14:46:49,95,0,4,92
2024-12-30T15:20:29,95,0,4,92
2024-12-30T15:54:18,95,0,4,92
2024-12-30T16:27:58,95,0,4,92
2024-12-30T17:01:37,95,0,4,92
2024-12-30T17:35:25,95,0,4,92
2024-12-30T18:09:04,95,0,4,92
2024-12-30T18:42:43,95,0,4,92
2024-12-30T19:16:32,95,0,4,92
2024-12-30T19:50:11,95,0,4,92
2024-12-30T20:23:49,95,0,4,92
2024-12-30T20:57:28,95,0,4,92
2024-12-30T21:31:08,95,0,4,92
2024-12-30T22:04:57,95,0,4,92
2024-12-30T22:38:37,95,0,4,92
2024-12-30T23:12:16,95,0,4,92
2024-12-30T23:45:57,95,0,4,92
2024-12-31T00:19:40,95,0,4,92
2024-12-31T00:53:27,95,0,4,92
2024-12-31T01:27:21,95,0,4,92
2024-12-31T02:01:06,95,0,4,92
2024-12-31T02:34:56,95,0,4,92
2024-12-31T03:08:38,95,0,4,92
2024-12-31T03:42:20,95,0,4,92
2024-12-31T04:34:35,95,0,4,92
2024-12-31T05:08:20,95,0,4,92
2024-12-31T05:42:09,95,0,4,92
2024-12-31T06:15:53,95,0,4,92
2024-12-31T06:49:36,95,0,4,92
2024-12-31T07:23:23,95,0,4,92
2024-12-31T07:57:01,95,0,4,92
2024-12-31T08:30:45,95,0,4,92
2024-12-31T09:04:36,95,0,4,92
2024-12-31T09:38:16,95,0,4,92
2024-12-31T10:11:56,95,0,4,92
2024-12-31T10:45:36,95,0,4,92
2024-12-31T11:19:17,95,0,4,92
2024-12-31T11:52:59,95,0,4,92
2024-12-31T12:26:50,95,0,4,92
2024-12-31T13:00:32,95,0,4,92
2024-12-31T13:34:15,95,0,4,92
2024-12-31T14:07:58,95,0,4,92
2024-12-31T14:41:37,95,0,4,92
2024-12-31T15:15:31,95,0,4,92
2024-12-31T15:49:13,95,0,4,92
2024-12-31T16:22:56,95,0,4,92
2024-12-31T16:56:37,95,0,4,92
2024-12-31T17:30:17,95,0,4,92
2024-12-31T18:04:07,95,0,4,92
2024-12-31T18:37:48,95,0,4,92
2024-12-31T19:11:31,95,0,4,92
2024-12-31T19:45:10,95,0,4,92
2024-12-31T20:18:51,95,0,4,92
2024-12-31T20:52:31,95,0,4,92
2024-12-31T21:26:28,94,1,4,92
2024-12-31T22:00:10,94,1,4,92
2024-12-31T22:33:52,95,0,3,92
2024-12-31T23:07:31,95,0,4,92
2024-12-31T23:41:12,95,0,4,92
2025-01-01T00:15:04,95,0,4,92
2025-01-01T00:48:52,95,0,4,92
2025-01-01T01:22:36,95,0,4,92
2025-01-01T01:56:21,95,0,4,92
2025-01-01T02:30:10,95,0,4,92
2025-01-01T03:03:57,95,0,4,92
2025-01-01T03:37:39,94,1,4,92
2025-01-01T04:11:23,94,1,4,92
2025-01-01T04:38:09,94,1,4,92
2025-01-01T05:11:54,94,1,4,92
2025-01-01T05:47:22,94,1,4,92
2025-01-01T06:21:09,94,1,4,92
2025-01-01T06:54:54,94,1,4,92
2025-01-01T07:28:40,94,1,4,92
2025-01-01T08:02:19,94,1,4,92
2025-01-01T08:36:07,94,1,4,92
2025-01-01T09:09:47,94,1,4,92
2025-01-01T09:43:27,94,1,4,92
2025-01-01T10:17:11,94,1,4,92
2025-01-01T10:50:51,94,1,4,92
2025-01-01T11:24:33,94,1,4,92
2025-01-01T11:58:11,94,1,4,92
2025-01-01T12:31:58,94,1,4,92
2025-01-01T13:05:36,94,1,4,92
2025-01-01T13:39:15,94,1,4,92
2025-01-01T14:12:54,94,1,4,92
2025-01-01T14:46:43,94,1,4,92
2025-01-01T15:20:23,94,1,4,92
2025-01-01T15:54:01,94,1,4,92
2025-01-01T16:27:51,94,1,4,92
2025-01-01T17:01:28,94,1,4,92
2025-01-01T17:35:08,94,1,4,92
2025-01-01T18:08:47,94,1,4,92
2025-01-01T18:42:27,94,1,4,92
2025-01-01T19:16:14,94,1,4,92
2025-01-01T19:49:53,94,1,4,92
2025-01-01T20:23:33,94,1,4,92
2025-01-01T20:57:12,94,1,4,92
2025-01-01T21:31:03,94,1,4,92
2025-01-01T22:04:44,94,1,4,92
2025-01-01T22:38:23,95,0,3,92
2025-01-01T23:12:02,95,0,3,92
2025-01-01T23:45:51,95,0,3,92
2025-01-02T00:19:33,95,0,3,92
2025-01-02T00:53:18,95,0,3,92
2025-01-02T01:27:02,95,0,3,92
2025-01-02T02:00:48,95,0,3,92
2025-01-02T02:34:41,95,0,3,92
2025-01-02T03:08:24,95,0,3,92
2025-01-02T03:42:07,95,0,3,92
2025-01-02T04:41:34,95,0,3,92
2025-01-02T05:15:20,95,0,3,92
2025-01-02T05:49:06,95,0,3,92
2025-01-02T06:22:50,95,0,3,92
2025-01-02T06:56:31,95,0,3,92
2025-01-02T07:30:11,95,0,3,92
2025-01-02T08:03:59,95,0,3,92
2025-01-02T08:37:38,95,0,3,92
2025-01-02T09:11:16,95,0,3,92
2025-01-02T09:44:55,95,0,3,92
2025-01-02T10:18:47,95,0,3,92
2025-01-02T10:52:27,95,0,3,92
2025-01-02T11:26:06,95,0,3,92
2025-01-02T11:59:56,95,0,3,92
2025-01-02T12:33:35,95,0,3,92
2025-01-02T13:07:24,95,0,3,92
2025-01-02T13:41:02,95,0,3,92
2025-01-02T14:14:40,95,0,3,92
2025-01-02T14:48:30,95,0,3,92
2025-01-02T15:22:10,95,0,3,92
2025-01-02T15:56:00,95,0,3,92
2025-01-02T16:29:41,95,0,3,92
2025-01-02T17:03:20,95,0,3,92
2025-01-02T17:37:09,95,0,3,92
2025-01-02T18:10:48,95,0,3,92
2025-01-02T18:44:27,95,0,3,92
2025-01-02T19:18:16,95,0,3,92
2025-01-02T19:51:56,95,0,3,92
2025-01-02T20:25:45,95,0,3,92
2025-01-02T20:59:24,95,0,3,92
2025-01-02T21:33:05,95,0,3,92
2025-01-02T22:06:56,95,0,3,92
2025-01-02T22:40:36,95,0,3,92
2025-01-02T23:14:15,95,0,3,92
2025-01-02T23:47:55,95,0,3,92
2025-01-03T00:21:48,95,0,3,92
2025-01-03T00:55:32,95,0,3,92
2025-01-03T01:29:16,95,0,3,92
2025-01-03T02:03:03,95,0,3,92
2025-01-03T02:36:46,95,0,3,92
2025-01-03T03:10:39,95,0,3,92
2025-01-03T03:44:22,95,0,3,92
2025-01-03T04:38:45,95,0,3,92
2025-01-03T05:12:32,95,0,3,92
2025-01-03T05:46:18,95,0,3,92
2025-01-03T06:20:13,95,0,3,92
2025-01-03T06:54:01,95,0,3,92
2025-01-03T07:27:46,95,0,3,92
2025-01-03T08:01:37,95,0,3,92
2025-01-03T08:35:19,95,0,3,92
2025-01-03T09:09:02,95,0,3,92
2025-01-03T09:42:43,95,0,3,92
2025-01-03T10:16:37,95,0,3,92
2025-01-03T10:50:20,95,0,3,92
2025-01-03T11:24:16,95,0,3,92
2025-01-03T11:58:10,95,0,3,92
2025-01-03T12:32:03,95,0,3,92
2025-01-03T13:05:44,95,0,3,92
2025-01-03T13:39:36,95,0,3,92
2025-01-03T14:13:18,95,0,4,92
2025-01-03T14:47:09,95,0,4,92
2025-01-03T15:20:50,95,0,4,92
2025-01-03T15:54:41,95,0,4,92
2025-01-03T16:28:22,95,0,4,92
2025-01-03T17:02:13,95,0,4,92
2025-01-03T17:35:55,95,0,4,92
2025-01-03T18:09:46,95,0,4,92
2025-01-03T18:43:29,95,0,4,92
2025-01-03T19:17:11,95,0,4,92
2025-01-03T19:51:02,95,0,4,92
2025-01-03T20:24:43,95,0,4,92
2025-01-03T20:58:31,95,0,4,92
2025-01-03T21:32:28,95,0,4,92
2025-01-03T22:06:10,95,0,4,92
2025-01-03T22:39:52,95,0,4,92
2025-01-03T23:13:44,95,0,4,92
2025-01-03T23:47:27,95,0,4,92
2025-01-04T00:21:13,95,0,4,92
2025-01-04T00:55:11,95,0,4,92
2025-01-04T01:28:57,95,0,4,92
2025-01-04T02:02:50,95,0,4,92
2025-01-04T02:36:34,95,0,4,92
2025-01-04T03:10:16,95,0,4,92
2025-01-04T03:44:08,95,0,4,92
2025-01-04T04:34:19,95,0,4,92
2025-01-04T05:08:26,95,0,4,92
2025-01-04T05:42:13,95,0,4,92
2025-01-04T06:15:57,95,0,4,92
2025-01-04T06:49:43,95,0,4,92
2025-01-04T07:23:36,95,0,4,92
2025-01-04T07:57:20,95,0,4,92
2025-01-04T08:31:06,95,0,4,92
2025-01-04T09:04:50,95,0,4,92
2025-01-04T09:38:39,95,0,4,92
2025-01-04T10:12:20,95,0,4,92
2025-01-04T10:46:01,95,0,4,92
2025-01-04T11:19:41,95,0,4,92
2025-01-04T11:53:31,95,0,4,92
2025-01-04T12:27:11,95,0,4,92
2025-01-04T13:00:59,95,0,4,92
2025-01-04T13:34:43,95,0,4,92
2025-01-04T14:08:24,95,0,4,92
2025-01-04T14:42:16,95,0,4,92
2025-01-04T15:16:04,95,0,4,92
2025-01-04T15:49:45,95,0,4,92
2025-01-04T16:23:27,95,0,4,92
2025-01-04T16:57:16,95,0,4,92
2025-01-04T17:30:58,95,0,4,92
2025-01-04T18:04:38,95,0,4,92
2025-01-04T18:38:28,95,0,4,92
2025-01-04T19:12:09,95,0,4,92
2025-01-04T19:46:00,95,0,4,92
2025-01-04T20:19:41,95,0,4,92
2025-01-04T20:53:21,95,0,4,92
2025-01-04T21:27:13,95,0,4,92
2025-01-04T22:00:55,95,0,4,92
2025-01-04T22:34:36,95,0,4,92
2025-01-04T23:08:26,95,0,4,92
2025-01-04T23:42:08,95,0,4,92
2025-01-05T00:15:51,95,0,4,92
2025-01-05T00:49:46,95,0,4,92
2025-01-05T01:23:32,95,0,4,92
2025-01-05T01:57:18,95,0,4,92
2025-01-05T02:31:04,95,0,4,92
2025-01-05T03:04:50,95,0,4,92
2025-01-05T03:38:45,95,0,4,92
2025-01-05T04:33:41,95,0,4,92
2025-01-05T05:07:28,95,0,4,92
2025-01-05T05:41:14,95,0,4,92
2025-01-05T06:15:00,95,0,4,92
2025-01-05T06:48:45,95,0,4,92
2025-01-05T07:22:30,95,0,4,92
2025-01-05T07:56:17,95,0,4,92
2025-01-05T08:30:02,95,0,4,92
2025-01-05T09:03:54,95,0,4,92
2025-01-05T09:37:38,95,0,4,92
2025-01-05T10:11:23,95,0,4,92
2025-01-05T10:45:18,95,0,4,92
2025-01-05T11:19:06,95,0,4,92
2025-01-05T11:53:02,95,0,4,92
2025-01-05T12:26:43,95,0,4,92
2025-01-05T13:00:34,95,0,4,92
2025-01-05T13:34:14,95,0,4,92
2025-01-05T14:08:04,95,0,4,92
2025-01-05T14:41:53,95,0,4,92
2025-01-05T15:15:34,95,0,4,92
2025-01-05T15:49:23,95,0,4,92
2025-01-05T16:23:14,95,0,4,92
2025-01-05T16:56:54,95,0,4,92
2025-01-05T17:30:46,95,0,4,92
2025-01-05T18:04:37,95,0,4,92
2025-01-05T18:38:18,95,0,4,92
2025-01-05T19:12:13,95,0,4,92
2025-01-05T19:46:04,95,0,4,92
2025-01-05T20:19:56,95,0,4,92
2025-01-05T20:53:50,95,0,4,92
2025-01-05T21:27:47,95,0,5,92
2025-01-05T22:01:40,95,0,5,92
2025-01-05T22:35:32,95,0,5,92
2025-01-05T23:09:24,95,0,5,92
2025-01-05T23:43:17,95,0,5,92
2025-01-06T00:17:13,95,0,5,92
2025-01-06T00:51:13,95,0,5,92
2025-01-06T01:25:13,95,0,5,92
2025-01-06T01:58:59,95,0,5,92
2025-01-06T02:32:42,95,0,5,92
2025-01-06T03:06:36,95,0,5,92
2025-01-06T03:40:21,95,0,5,92
2025-01-06T04:32:07,95,0,5,92
2025-01-06T05:06:12,95,0,5,92
2025-01-06T05:39:55,95,0,5,92
2025-01-06T06:13:37,95,0,5,92
2025-01-06T06:47:21,95,0,5,92
2025-01-06T07:21:16,95,0,5,92
2025-01-06T07:54:59,95,0,5,92
2025-01-06T08:28:58,95,0,5,92
2025-01-06T09:02:55,95,0,5,92
2025-01-06T09:37:00,95,0,5,92
2025-01-06T10:10:55,95,0,5,92
2025-01-06T10:45:05,95,0,5,92
2025-01-06T11:19:15,95,0,5,92
2025-01-06T11:53:20,95,0,5,92
2025-01-06T12:27:23,95,0,4,92
2025-01-06T13:04:59,95,0,4,92
2025-01-06T13:38:55,95,0,4,95
2025-01-06T14:12:59,95,0,4,95
2025-01-06T14:46:56,95,0,4,95
2025-01-06T15:21:06,95,0,6,95
2025-01-06T15:55:03,95,0,6,95
2025-01-06T16:29:07,95,0,6,95
2025-01-06T17:03:00,95,0,6,95
2025-01-06T17:36:54,95,0,6,95
2025-01-06T18:10:48,95,0,6,95
2025-01-06T18:44:43,95,0,6,95
2025-01-06T19:18:35,95,0,6,95
2025-01-06T19:52:26,95,0,6,95
2025-01-06T20:26:17,95,0,6,95
2025-01-06T21:00:01,95,0,7,95
2025-01-06T21:33:57,95,0,7,95
2025-01-06T22:07:55,95,0,7,95
2025-01-06T22:41:40,95,0,7,95
2025-01-06T23:15:35,95,0,7,95
2025-01-06T23:49:31,95,0,7,95
2025-01-07T00:23:21,95,0,7,95
2025-01-07T00:57:30,95,0,7,95
2025-01-07T01:31:22,95,0,7,95
2025-01-07T02:05:28,95,0,7,95
2025-01-07T02:39:17,95,0,7,95
2025-01-07T03:13:04,95,0,7,95
2025-01-07T03:46:50,95,0,7,95
2025-01-07T04:37:29,95,0,7,95
2025-01-07T05:11:22,95,0,7,95
2025-01-07T05:45:17,95,0,7,95
2025-01-07T06:19:08,95,0,7,95
2025-01-07T06:52:55,95,0,7,95
2025-01-07T07:26:47,95,0,7,95
2025-01-07T08:00:44,95,0,7,95
2025-01-07T08:34:42,95,0,7,95
2025-01-07T09:08:40,94,1,7,95
2025-01-07T09:42:37,94,1,7,95
2025-01-07T10:16:37,94,1,9,95
2025-01-07T10:50:37,94,1,9,95
2025-01-07T11:24:53,94,1,10,95
2025-01-07T11:59:10,94,0,11,94
2025-01-07T12:33:07,94,0,11,94
2025-01-07T13:07:24,94,0,11,94
2025-01-07T13:41:25,94,0,11,94
2025-01-07T14:15:40,94,0,11,94
2025-01-07T14:49:41,94,0,11,94
2025-01-07T15:23:51,94,0,10,94
2025-01-07T15:57:50,94,0,10,94
2025-01-07T16:31:46,94,0,10,94
2025-01-07T17:05:56,94,0,10,94
2025-01-07T17:39:57,94,0,10,94
2025-01-07T18:13:56,94,0,10,94
2025-01-07T18:47:53,94,0,10,94
2025-01-07T19:21:50,94,0,10,94
2025-01-07T19:55:46,94,0,10,94
2025-01-07T20:29:32,94,0,10,94
2025-01-07T21:03:29,94,0,11,94
2025-01-07T21:37:26,94,0,11,94
2025-01-07T22:11:12,94,0,11,94
2025-01-07T22:45:09,94,0,11,94
2025-01-07T23:19:07,94,0,11,94
2025-01-07T23:52:54,94,0,12,94
2025-01-08T00:26:42,94,0,12,94
2025-01-08T01:01:13,94,0,12,94
2025-01-08T01:35:02,94,0,12,94
2025-01-08T02:09:05,94,0,12,94
2025-01-08T02:42:57,94,0,12,94
2025-01-08T03:16:49,94,0,12,94
2025-01-08T03:50:39,94,0,12,94
2025-01-08T04:34:58,94,0,12,94
2025-01-08T05:08:51,94,0,12,94
2025-01-08T05:42:43,94,0,12,94
2025-01-08T06:16:37,94,0,12,94
2025-01-08T06:50:28,94,0,12,94
2025-01-08T07:24:21,94,0,12,94
2025-01-08T07:58:15,94,0,12,94
2025-01-08T08:32:02,94,0,12,94
2025-01-08T09:06:00,94,0,12,94
2025-01-08T09:39:48,94,0,13,94
2025-01-08T10:13:44,94,2,13,96
2025-01-08T10:47:41,94,2,13,96
2025-01-08T11:21:42,94,2,13,96
2025-01-08T11:55:41,94,2,13,96
2025-01-08T12:29:51,94,2,13,96
2025-01-08T13:03:50,94,2,13,96
2025-01-08T13:37:50,94,2,13,96
2025-01-08T14:11:53,94,2,13,96
2025-01-08T14:45:53,94,2,12,96
2025-01-08T15:19:53,94,2,12,96
2025-01-08T15:53:52,94,2,13,96
2025-01-08T16:27:51,94,2,12,96
2025-01-08T17:01:40,94,2,12,96
2025-01-08T17:35:40,94,2,12,96
2025-01-08T18:09:40,94,2,12,96
2025-01-08T18:43:38,94,2,12,96
2025-01-08T19:17:27,94,2,12,96
2025-01-08T19:51:26,94,2,12,96
2025-01-08T20:25:14,94,2,12,96
2025-01-08T20:59:12,94,2,12,96
2025-01-08T21:33:03,94,2,12,96
2025-01-08T22:07:05,94,2,12,96
2025-01-08T22:40:54,96,0,10,96
2025-01-08T23:14:45,96,0,10,96
2025-01-08T23:48:44,96,0,10,96
2025-01-09T00:22:40,96,0,10,96
2025-01-09T00:56:46,96,0,10,96
2025-01-09T01:30:44,96,0,10,96
2025-01-09T02:04:38,96,0,10,96
2025-01-09T02:38:30,96,0,10,96
2025-01-09T03:12:20,96,0,10,96
2025-01-09T03:46:20,96,0,10,96
2025-01-09T04:40:19,96,0,10,96
2025-01-09T05:14:11,96,0,10,96
2025-01-09T05:48:20,96,0,11,96
2025-01-09T06:22:29,96,0,11,96
2025-01-09T06:56:28,96,0,11,96
2025-01-09T07:30:23,96,0,11,96
2025-01-09T08:04:17,96,0,11,96
2025-01-09T08:38:10,96,0,11,96
2025-01-09T09:12:13,96,0,11,96
2025-01-09T09:46:05,96,0,11,96
2025-01-09T10:20:03,96,0,11,96
2025-01-09T10:54:07,96,0,11,96
2025-01-09T11:28:11,96,0,11,96
2025-01-09T12:02:11,96,0,11,96
2025-01-09T12:36:01,96,0,11,96
2025-01-09T13:10:03,96,0,11,96
2025-01-09T13:44:02,96,0,12,96
2025-01-09T14:18:03,96,0,12,96
2025-01-09T14:52:06,96,0,12,96
2025-01-09T15:26:07,96,0,12,96
2025-01-09T15:59:59,96,0,12,96
2025-01-09T16:33:58,96,0,12,96
2025-01-09T17:07:58,96,0,12,96
2025-01-09T17:41:48,96,0,13,96
2025-01-09T18:15:47,96,0,13,96
2025-01-09T18:49:47,96,0,13,96
2025-01-09T19:23:38,96,0,13,96
2025-01-09T19:57:38,96,0,13,96
2025-01-09T20:31:29,96,0,13,96
2025-01-09T21:05:28,96,0,13,96
2025-01-09T21:39:19,96,0,13,96
2025-01-09T22:13:09,96,0,13,96
2025-01-09T22:47:07,96,0,13,96
2025-01-09T23:20:58,96,0,13,96
2025-01-09T23:54:49,96,0,13,96
2025-01-10T00:28:57,96,0,13,96
2025-01-10T01:02:53,96,0,13,96
2025-01-10T01:36:50,96,0,13,96
2025-01-10T02:10:51,96,0,13,96
2025-01-10T02:44:47,96,0,13,96
2025-01-10T03:18:45,96,0,13,96
2025-01-10T03:52:41,96,0,13,96
2025-01-10T04:37:09,96,0,13,96
2025-01-10T05:11:07,96,0,13,96
2025-01-10T05:45:05,96,0,13,96
2025-01-10T06:19:02,96,0,13,96
2025-01-10T06:52:57,96,0,13,96
2025-01-10T07:26:52,96,0,13,96
2025-01-10T08:00:44,96,0,13,96
2025-01-10T08:34:42,96,0,13,96
2025-01-10T09:08:33,96,0,13,96
2025-01-10T09:42:23,96,0,12,96
2025-01-10T10:16:24,96,0,12,96
2025-01-10T10:50:23,96,0,12,96
2025-01-10T11:24:14,96,0,12,96
2025-01-10T11:58:13,95,1,12,96
2025-01-10T12:32:13,95,1,12,96
2025-01-10T13:06:03,95,1,12,96
2025-01-10T13:40:02,95,1,12,96
2025-01-10T14:13:52,95,1,12,96
2025-01-10T14:47:55,95,1,12,96
2025-01-10T15:21:57,95,1,12,96
2025-01-10T15:55:51,95,1,12,96
2025-01-10T16:29:51,95,1,12,96
2025-01-10T17:03:44,95,1,12,96
2025-01-10T17:37:46,95,1,12,96
2025-01-10T18:11:37,95,1,12,96
2025-01-10T18:45:38,95,1,12,96
2025-01-10T19:19:29,95,1,12,96
2025-01-10T19:53:20,95,1,12,96
2025-01-10T20:27:21,95,1,12,96
2025-01-10T21:01:12,95,1,12,96
2025-01-10T21:35:04,95,1,12,96
2025-01-10T22:09:06,95,1,12,96
2025-01-10T22:42:57,96,0,11,96
2025-01-10T23:16:49,96,0,11,96
2025-01-10T23:50:41,96,0,11,96
2025-01-11T00:24:50,96,0,11,96
2025-01-11T00:58:49,96,0,11,96
2025-01-11T01:32:46,96,0,11,96
2025-01-11T02:06:41,96,0,11,96
2025-01-11T02:40:32,96,0,11,96
2025-01-11T03:14:27,96,0,11,96
2025-01-11T03:48:21,96,0,11,96
2025-01-11T04:32:38,96,0,11,96
2025-01-11T05:06:57,96,0,11,96
2025-01-11T05:40:54,96,0,11,96
2025-01-11T06:14:50,96,0,11,96
2025-01-11T06:48:46,96,0,11,96
2025-01-11T07:22:43,96,0,11,96
2025-01-11T07:56:38,96,0,11,96
2025-01-11T08:30:49,96,0,11,96
2025-01-11T09:04:45,96,0,11,96
2025-01-11T09:38:39,96,0,11,96
2025-01-11T10:12:30,96,0,11,96
2025-01-11T10:46:20,96,0,11,96
2025-01-11T11:20:20,96,0,11,96
2025-01-11T11:54:11,96,0,11,96
2025-01-11T12:28:02,96,0,11,96
2025-01-11T13:02:09,96,0,11,96
2025-01-11T13:36:01,96,0,11,96
2025-01-11T14:09:52,96,0,11,96
2025-01-11T14:43:43,95,1,11,96
2025-01-11T15:17:42,95,1,11,96
2025-01-11T15:51:35,95,1,11,96
2025-01-11T16:25:26,95,1,11,96
2025-01-11T16:59:20,95,1,11,96
2025-01-11T17:33:29,95,1,11,96
2025-01-11T18:07:21,95,1,11,96
2025-01-11T18:41:13,95,1,11,96
2025-01-11T19:15:04,95,1,11,96
2025-01-11T19:49:11,95,1,11,96
2025-01-11T20:23:02,95,1,11,96
2025-01-11T20:56:54,95,1,11,96
2025-01-11T21:30:45,95,1,10,96
2025-01-11T22:04:50,95,1,10,96
2025-01-11T22:38:41,96,0,9,96
2025-01-11T23:12:34,96,0,9,96
2025-01-11T23:46:25,96,0,9,96
2025-01-12T00:20:28,96,0,9,96
2025-01-12T00:54:24,96,0,9,96
2025-01-12T01:28:17,96,0,9,96
2025-01-12T02:02:13,96,0,9,96
2025-01-12T02:36:07,96,0,9,96
2025-01-12T03:09:58,96,0,9,96
2025-01-12T03:43:54,96,0,9,96
2025-01-12T04:34:21,96,0,9,96
2025-01-12T05:10:29,96,0,9,96
2025-01-12T05:44:29,96,0,9,96
2025-01-12T06:18:27,96,0,9,96
2025-01-12T06:52:25,96,0,9,96
2025-01-12T07:26:23,96,0,9,96
2025-01-12T08:00:21,96,0,9,96
2025-01-12T08:34:38,96,0,9,96
2025-01-12T09:08:35,96,0,9,96
2025-01-12T09:42:36,96,0,9,96
2025-01-12T10:16:35,96,0,9,96
2025-01-12T10:50:29,96,0,9,96
2025-01-12T11:24:36,96,0,9,96
2025-01-12T11:58:28,96,0,9,96
2025-01-12T12:32:21,96,0,9,96
2025-01-12T13:06:12,96,0,9,96
2025-01-12T13:40:04,96,0,9,96
2025-01-12T14:14:05,96,0,9,96
2025-01-12T14:48:28,96,0,9,96
2025-01-12T15:22:21,96,0,9,96
2025-01-12T15:56:20,96,0,9,96
2025-01-12T16:30:12,96,0,9,96
2025-01-12T17:04:11,96,0,9,96
2025-01-12T17:38:05,96,0,9,96
2025-01-12T18:12:05,96,0,9,96
2025-01-12T18:46:37,96,0,9,96
2025-01-12T19:20:39,96,0,9,96
2025-01-12T19:54:31,96,0,9,96
2025-01-12T20:28:22,96,0,9,96
2025-01-12T21:02:32,96,0,9,96
2025-01-12T21:36:29,96,0,9,96
2025-01-12T22:10:31,96,0,9,96
2025-01-12T22:44:23,96,0,9,96
2025-01-12T23:18:31,96,0,9,96
2025-01-12T23:52:29,96,0,9,96
2025-01-13T00:26:34,96,0,9,96
2025-01-13T01:00:39,96,0,9,96
2025-01-13T01:34:39,96,0,9,96
2025-01-13T02:08:41,96,0,9,96
2025-01-13T02:42:59,96,0,9,96
2025-01-13T03:16:54,96,0,9,96
2025-01-13T03:50:49,96,0,9,96
2025-01-13T04:40:21,96,0,9,96
2025-01-13T05:14:18,96,0,9,96
2025-01-13T05:48:17,96,0,9,96
2025-01-13T06:22:40,96,0,9,96
2025-01-13T06:56:34,96,0,9,96
2025-01-13T07:30:29,96,0,9,96
2025-01-13T08:04:22,96,0,9,96
2025-01-13T08:38:24,96,0,9,96
2025-01-13T09:12:16,96,0,9,96
2025-01-13T09:46:18,96,0,9,96
2025-01-13T10:20:21,96,0,9,96
2025-01-13T10:54:25,96,0,9,96
2025-01-13T11:28:30,96,0,9,96
2025-01-13T12:02:33,96,0,9,96
2025-01-13T12:36:36,96,0,9,96
2025-01-13T13:10:38,96,0,9,96
2025-01-13T13:44:29,96,0,9,96
2025-01-13T14:18:35,96,0,9,96
2025-01-13T14:52:48,96,0,9,96
2025-01-13T15:26:50,96,0,9,96
2025-01-13T16:00:42,96,0,9,96
2025-01-13T16:34:45,96,0,9,96
2025-01-13T17:08:36,96,0,9,96
2025-01-13T17:42:38,96,0,9,96
2025-01-13T18:16:29,96,0,9,96
2025-01-13T18:50:29,96,0,9,96
2025-01-13T19:24:20,96,0,9,96
2025-01-13T19:58:20,96,0,9,96
2025-01-13T20:32:11,96,0,9,96
2025-01-13T21:06:02,96,0,9,96
2025-01-13T21:40:07,96,0,9,96
2025-01-13T22:13:58,96,0,9,96
2025-01-13T22:47:49,96,0,9,96
2025-01-13T23:21:52,96,0,9,96
2025-01-13T23:55:44,96,0,9,96
2025-01-14T00:29:51,96,0,9,96
2025-01-14T01:03:49,96,0,9,96
2025-01-14T01:37:46,96,0,9,96
2025-01-14T02:11:45,96,0,9,96
2025-01-14T02:45:49,96,0,9,96
2025-01-14T03:19:41,96,0,9,96
2025-01-14T03:53:37,96,0,9,96
2025-01-14T04:35:54,96,0,9,96
2025-01-14T05:09:52,96,0,9,96
2025-01-14T05:43:54,96,0,9,96
2025-01-14T06:17:50,96,0,9,96
2025-01-14T06:51:47,96,0,9,96
2025-01-14T07:25:47,96,0,9,96
2025-01-14T07:59:40,96,0,9,96
2025-01-14T08:33:35,96,0,9,96
2025-01-14T09:07:35,96,0,9,96
2025-01-14T09:41:27,96,0,9,96
2025-01-14T10:15:26,96,0,9,96
2025-01-14T10:49:19,96,0,9,96
2025-01-14T11:23:23,96,0,9,96
2025-01-14T11:57:25,96,0,9,96
2025-01-14T12:31:19,96,0,9,96
2025-01-14T13:05:20,96,0,9,96
2025-01-14T13:39:23,96,0,9,96
2025-01-14T14:13:15,96,0,9,96
2025-01-14T14:47:18,96,0,9,96
2025-01-14T15:21:21,96,0,9,96
2025-01-14T15:55:13,96,0,10,96
2025-01-14T16:29:17,96,0,10,96
2025-01-14T17:03:09,95,1,10,96
2025-01-14T17:37:11,95,1,10,96
2025-01-14T18:11:03,95,1,10,96
2025-01-14T18:45:06,95,1,10,96
2025-01-14T19:18:58,95,1,10,96
2025-01-14T19:52:59,95,1,10,96
2025-01-14T20:26:50,95,1,10,96
2025-01-14T21:00:42,95,1,10,96
2025-01-14T21:34:44,95,1,10,96
2025-01-14T22:08:37,95,1,10,96
2025-01-14T22:42:29,96,0,9,96
2025-01-14T23:16:30,96,0,9,96
2025-01-14T23:50:22,96,0,9,96
2025-01-15T00:24:18,96,0,9,96
2025-01-15T00:58:15,96,0,9,96
2025-01-15T01:32:27,96,0,9,96
2025-01-15T02:06:31,96,0,9,96
2025-01-15T02:40:41,96,0,9,96
2025-01-15T03:14:47,96,0,9,96
2025-01-15T03:48:45,96,0,9,96
2025-01-15T04:42:22,96,0,9,96
2025-01-15T05:16:22,96,0,9,96
2025-01-15T05:50:21,96,0,9,96
2025-01-15T06:24:17,96,0,9,96
2025-01-15T06:58:34,96,0,9,96
2025-01-15T07:32:30,96,0,9,96
2025-01-15T08:06:26,96,0,9,96
2025-01-15T08:40:39,96,0,9,96
2025-01-15T09:14:41,96,0,9,96
2025-01-15T09:48:34,96,0,9,96
2025-01-15T10:22:34,96,0,9,96
2025-01-15T10:56:26,96,0,9,96
2025-01-15T11:30:43,96,0,9,96
2025-01-15T12:04:53,96,0,9,96
2025-01-15T12:38:45,96,0,9,96
2025-01-15T13:12:48,96,0,9,96
2025-01-15T13:47:02,96,0,9,96
2025-01-15T14:21:09,96,0,9,96
2025-01-15T14:55:02,96,0,9,96
2025-01-15T15:29:03,96,0,9,96
2025-01-15T16:03:15,96,0,9,96
2025-01-15T16:37:09,96,0,9,96
2025-01-15T17:11:27,96,0,9,96
2025-01-15T17:45:20,96,0,9,96
2025-01-15T18:19:22,96,0,9,96
2025-01-15T18:53:14,96,0,9,96
2025-01-15T19:27:08,96,0,9,96
2025-01-15T20:01:10,96,0,9,96
2025-01-15T20:35:03,96,0,9,96
2025-01-15T21:08:55,96,0,9,96
2025-01-15T21:42:59,96,0,9,96
2025-01-15T22:16:53,96,0,9,96
2025-01-15T22:50:47,96,0,9,96
2025-01-15T23:24:51,96,0,9,96
2025-01-15T23:59:22,96,0,9,96
2025-01-16T00:33:32,96,0,9,96
2025-01-16T01:07:32,96,0,9,96
2025-01-16T01:41:29,96,0,9,96
2025-01-16T02:15:35,96,0,9,96
2025-01-16T02:49:48,96,0,9,96
2025-01-16T03:23:42,96,0,9,96
2025-01-16T03:57:40,96,0,9,96
2025-01-16T04:40:40,96,0,9,96
2025-01-16T05:14:38,96,0,9,96
2025-01-16T05:48:37,96,0,9,96
2025-01-16T06:22:37,96,0,9,96
2025-01-16T06:56:35,96,0,9,96
2025-01-16T07:30:37,96,0,9,96
2025-01-16T08:04:32,96,0,9,96
2025-01-16T08:38:36,96,0,9,96
2025-01-16T09:12:29,96,0,9,96
2025-01-16T09:46:23,96,0,9,96
2025-01-16T10:20:24,96,0,9,96
2025-01-16T10:54:20,97,0,8,96
2025-01-16T11:28:24,97,0,8,96
2025-01-16T12:02:17,97,0,8,96
2025-01-16T12:36:20,97,0,8,96
2025-01-16T13:10:13,97,0,8,96
2025-01-16T13:44:20,97,0,8,96
2025-01-16T14:18:15,97,0,8,96
2025-01-16T14:52:22,97,0,8,96
2025-01-16T15:26:18,97,0,8,96
2025-01-16T16:00:22,97,0,8,96
2025-01-16T16:34:17,97,0,8,96
2025-01-16T17:08:23,97,0,8,96
2025-01-16T17:42:17,97,0,8,96
2025-01-16T18:16:13,97,0,8,96
2025-01-16T18:50:16,97,0,8,96
2025-01-16T19:24:11,97,0,8,96
2025-01-16T19:58:16,97,0,8,96
2025-01-16T20:32:14,97,0,8,96
2025-01-16T21:06:22,97,0,8,96
2025-01-16T21:40:20,97,0,8,96
2025-01-16T22:14:17,97,0,8,96
2025-01-16T22:48:22,97,0,8,96
2025-01-16T23:22:18,97,0,8,96
2025-01-16T23:56:14,97,0,8,96
2025-01-17T00:30:16,97,0,8,96
2025-01-17T01:04:27,97,0,8,96
2025-01-17T01:38:31,97,0,8,96
2025-01-17T02:12:34,97,0,8,96
2025-01-17T02:46:35,97,0,8,96
2025-01-17T03:20:37,97,0,8,96
2025-01-17T03:54:37,97,0,8,96
2025-01-17T04:33:12,97,0,8,96
2025-01-17T05:07:21,97,0,8,96
2025-01-17T05:41:23,97,0,8,96
2025-01-17T06:15:25,97,0,8,96
2025-01-17T06:49:22,97,0,8,96
2025-01-17T07:23:30,97,0,8,96
2025-01-17T07:57:25,97,0,8,96
2025-01-17T08:31:23,97,0,7,96
2025-01-17T09:05:20,97,0,7,96
2025-01-17T09:39:25,97,0,7,96
2025-01-17T10:13:22,97,0,7,96
2025-01-17T10:47:27,97,0,7,96
2025-01-17T11:21:28,97,0,7,96
2025-01-17T11:55:40,97,0,7,96
2025-01-17T12:29:38,97,0,6,96
2025-01-17T13:03:43,97,0,6,96
2025-01-17T13:37:40,97,0,6,96
2025-01-17T14:11:52,97,0,6,96
2025-01-17T14:45:49,97,0,6,96
2025-01-17T15:19:57,97,0,6,96
2025-01-17T15:53:53,97,0,6,96
2025-01-17T16:27:51,97,0,6,96
2025-01-17T17:02:04,97,0,5,96
2025-01-17T17:36:02,97,0,5,96
2025-01-17T18:09:59,97,0,5,96
2025-01-17T18:44:05,97,0,5,96
2025-01-17T19:18:03,97,0,4,96
2025-01-17T19:52:00,97,0,4,96
2025-01-17T20:25:57,97,0,4,96
2025-01-17T21:00:12,97,0,4,96
2025-01-17T21:34:11,97,0,4,96
2025-01-17T22:08:10,97,0,4,96
2025-01-17T22:42:07,97,0,4,96
2025-01-17T23:16:13,97,0,4,96
2025-01-17T23:50:11,97,0,4,96
2025-01-18T00:24:13,97,0,4,96
2025-01-18T00:58:16,97,0,4,96
2025-01-18T01:32:20,97,0,4,96
2025-01-18T02:06:28,97,0,4,96
2025-01-18T02:40:26,97,0,4,96
2025-01-18T03:14:23,97,0,4,96
2025-01-18T03:48:24,97,0,4,96
2025-01-18T19:25:04,97,0,4,96
2025-01-18T19:59:01,97,0,4,96
2025-01-18T20:32:58,97,0,4,96
2025-01-18T21:07:04,97,0,4,96
2025-01-18T21:41:04,97,0,4,96
2025-01-18T22:15:01,97,0,4,96
2025-01-18T22:49:00,97,0,4,96
2025-01-18T23:22:59,97,0,4,96
2025-01-18T23:56:57,97,0,4,96
2025-01-19T00:30:58,97,0,4,96
2025-01-19T01:01:18,97,0,4,96
2025-01-19T01:35:22,97,0,4,96
2025-01-19T02:09:38,97,0,4,96
2025-01-19T02:43:41,97,0,4,96
2025-01-19T03:17:44,97,0,4,96
2025-01-19T03:51:47,97,0,4,96
2025-01-19T04:40:59,97,0,4,96
2025-01-19T05:15:03,97,0,4,96
2025-01-19T05:49:06,97,0,4,96
2025-01-19T06:23:10,97,0,4,96
2025-01-19T06:57:13,97,0,4,96
2025-01-19T07:31:16,97,0,4,96
2025-01-19T08:05:17,97,0,4,96
2025-01-19T08:39:29,97,0,4,96
2025-01-19T09:13:31,97,0,4,96
2025-01-19T09:47:33,97,0,4,96
2025-01-19T10:21:33,97,0,4,96
2025-01-19T10:55:34,97,0,4,96
2025-01-19T11:29:40,97,0,4,96
2025-01-19T12:03:37,97,0,4,96
2025-01-19T12:37:34,97,0,4,96
2025-01-19T13:11:31,97,0,4,96
2025-01-19T13:45:29,97,0,4,96
2025-01-19T14:19:26,97,0,4,96
2025-01-19T14:53:34,97,0,4,96
2025-01-19T15:27:32,97,0,4,96
2025-01-19T16:01:29,97,0,4,96
2025-01-19T16:35:27,97,0,4,96
2025-01-19T17:09:24,97,0,4,96
2025-01-19T17:43:30,97,0,4,96
2025-01-19T18:17:27,97,0,4,96
2025-01-19T18:51:28,97,0,4,96
2025-01-19T19:25:28,97,0,4,96
2025-01-19T19:59:29,97,0,4,96
2025-01-19T20:33:27,97,0,4,96
2025-01-19T21:07:32,97,0,4,96
2025-01-19T21:41:33,97,0,4,96
2025-01-19T22:15:31,97,0,4,96
2025-01-19T22:49:30,97,0,4,96
2025-01-19T23:23:38,97,0,4,96
2025-01-19T23:57:37,97,0,4,96
2025-01-20T00:31:43,97,0,4,96
2025-01-20T01:05:49,97,0,4,96
2025-01-20T01:39:58,97,0,4,96
2025-01-20T02:15:04,97,0,4,96
2025-01-20T02:49:05,97,0,4,96
2025-01-20T03:23:08,97,0,4,96
2025-01-20T03:57:10,97,0,4,96
2025-01-20T04:40:37,97,0,4,96
2025-01-20T05:16:05,97,0,4,96
2025-01-20T05:50:09,97,0,4,96
2025-01-20T06:24:13,97,0,4,96
2025-01-20T06:58:14,97,0,4,96
2025-01-20T07:32:17,97,0,4,96
2025-01-20T08:06:16,97,0,4,96
2025-01-20T08:40:17,97,0,4,96
2025-01-20T09:14:15,97,0,4,96
2025-01-20T09:48:27,97,0,4,96
2025-01-20T10:22:27,97,0,4,96
2025-01-20T10:56:25,97,0,4,96
2025-01-20T11:30:23,97,0,4,96
2025-01-20T12:04:33,97,0,4,96
2025-01-20T12:38:33,97,0,4,96
2025-01-20T13:12:30,97,0,4,96
2025-01-20T13:46:28,97,0,4,96
2025-01-20T14:20:27,97,0,4,96
2025-01-20T14:54:38,97,0,4,96
2025-01-20T15:28:36,97,0,4,96
2025-01-20T16:02:33,97,0,4,96
2025-01-20T16:36:29,97,0,4,96
2025-01-20T17:10:42,97,0,4,96
2025-01-20T17:44:40,97,0,4,96
2025-01-20T18:18:37,97,0,4,96
2025-01-20T18:52:34,97,0,4,96
2025-01-20T19:26:31,97,0,4,96
2025-01-20T20:00:28,97,0,4,96
2025-01-20T20:34:34,97,0,4,96
2025-01-20T21:08:32,97,0,4,96
2025-01-20T21:42:30,97,0,4,96
2025-01-20T22:16:27,97,0,4,96
2025-01-20T22:50:42,97,0,4,96
2025-01-20T23:24:41,97,0,4,96
2025-01-20T23:58:39,97,0,4,96
2025-01-21T00:32:43,97,0,4,96
2025-01-21T01:06:47,97,0,4,96
2025-01-21T01:41:00,97,0,4,96
2025-01-21T02:15:12,97,0,4,96
2025-01-21T02:49:13,97,0,4,96
2025-01-21T03:23:14,97,0,4,96
2025-01-21T03:57:15,97,0,4,96
2025-01-21T04:31:18,97,0,4,96
2025-01-21T05:06:49,97,0,4,96
2025-01-21T05:40:53,97,0,4,96
2025-01-21T06:14:59,97,0,4,96
2025-01-21T06:49:00,97,0,4,96
2025-01-21T07:23:00,97,0,4,96
2025-01-21T07:56:57,97,0,4,96
2025-01-21T08:31:05,97,0,4,96
2025-01-21T09:05:02,97,0,4,96
2025-01-21T09:39:01,97,0,4,96
2025-01-21T10:12:59,97,0,4,96
2025-01-21T10:47:05,97,0,4,96
2025-01-21T11:21:08,97,0,4,96
2025-01-21T11:55:15,97,0,4,96
2025-01-21T12:29:13,97,0,4,96
2025-01-21T13:03:19,97,0,4,96
2025-01-21T13:37:17,97,0,4,96
2025-01-21T14:11:16,97,0,4,96
2025-01-21T14:45:24,97,0,4,96
2025-01-21T15:19:22,97,0,4,96
2025-01-21T15:53:18,97,0,4,96
2025-01-21T16:27:24,97,0,4,96
2025-01-21T17:01:24,97,0,4,96
2025-01-21T17:35:22,97,0,4,96
2025-01-21T18:09:36,97,0,4,96
2025-01-21T18:43:46,97,0,4,96
2025-01-21T19:17:51,97,0,4,96
2025-01-21T19:51:48,97,0,4,96
2025-01-21T20:25:46,97,0,4,96
2025-01-21T20:59:51,97,0,4,96
2025-01-21T21:33:51,97,0,4,96
2025-01-21T22:07:49,97,0,4,96
2025-01-21T22:41:51,97,0,4,96
2025-01-21T23:15:56,97,0,4,96
2025-01-21T23:49:54,97,0,4,96
2025-01-22T00:23:58,97,0,4,96
2025-01-22T00:58:03,97,0,4,96
2025-01-22T01:32:09,97,0,4,96
2025-01-22T02:06:19,97,0,4,96
2025-01-22T02:40:40,97,0,4,96
2025-01-22T03:14:43,97,0,4,96
2025-01-22T03:48:46,97,0,4,96
2025-01-22T04:40:09,97,0,4,96
2025-01-22T05:14:14,97,0,4,96
2025-01-22T05:48:31,97,0,4,96
2025-01-22T06:22:33,97,0,4,96
2025-01-22T06:56:36,97,0,4,96
2025-01-22T07:30:35,97,0,4,96
2025-01-22T08:04:32,97,0,4,96
2025-01-22T08:38:37,97,0,4,96
2025-01-22T09:12:35,97,0,4,96
2025-01-22T09:46:32,97,0,4,96
2025-01-22T10:20:30,97,0,4,96
2025-01-22T10:54:35,97,0,4,96
2025-01-22T11:28:36,97,0,4,96
2025-01-22T12:02:34,97,0,4,96
2025-01-22T12:36:41,97,0,4,96
2025-01-22T13:10:39,97,0,4,96
2025-01-22T13:44:44,97,0,4,96
2025-01-22T14:18:41,97,0,4,96
2025-01-22T14:52:39,97,0,4,96
2025-01-22T15:26:44,97,0,4,96
2025-01-22T16:00:42,97,0,4,96
2025-01-22T16:34:39,97,0,4,96
2025-01-22T17:08:45,97,0,4,96
2025-01-22T17:42:43,97,0,4,96
2025-01-22T18:16:42,96,1,4,96
2025-01-22T18:50:39,96,1,4,96
2025-01-22T19:24:46,96,1,4,96
2025-01-22T19:58:44,96,1,4,96
2025-01-22T20:32:43,96,1,4,96
2025-01-22T21:06:41,96,1,4,96
2025-01-22T21:40:39,96,1,4,96
2025-01-22T22:14:44,96,1,4,96
2025-01-22T22:48:43,96,1,4,96
2025-01-22T23:22:43,96,1,4,96
2025-01-22T23:56:42,96,1,4,96
2025-01-23T00:30:45,96,1,4,96
2025-01-23T01:04:58,96,1,4,96
2025-01-23T01:39:04,96,1,4,96
2025-01-23T02:13:09,96,1,4,96
2025-01-23T02:47:09,96,1,4,96
2025-01-23T03:21:12,96,1,4,96
2025-01-23T03:55:17,96,1,4,96
2025-01-23T04:28:37,96,1,4,96
2025-01-23T05:03:55,96,1,4,96
2025-01-23T05:38:01,96,1,4,96
2025-01-23T06:12:05,96,1,4,96
2025-01-23T06:46:09,96,1,4,96
2025-01-23T07:20:13,96,1,4,96
2025-01-23T07:54:14,96,1,4,96
2025-01-23T08:28:14,96,1,4,96
2025-01-23T09:02:13,96,1,4,96
2025-01-23T09:36:19,96,1,4,96
2025-01-23T10:10:17,96,1,4,96
2025-01-23T10:44:17,96,1,4,96
2025-01-23T11:18:14,96,1,4,96
2025-01-23T11:52:21,96,1,4,96
2025-01-23T12:26:20,96,1,4,96
2025-01-23T13:00:18,96,1,4,96
2025-01-23T13:34:18,96,1,4,96
2025-01-23T14:08:24,96,1,4,96
2025-01-23T14:42:22,96,1,4,96
2025-01-23T15:16:32,96,1,4,96
2025-01-23T15:50:33,96,1,4,96
2025-01-23T16:24:33,96,1,4,96
2025-01-23T16:58:40,96,1,4,96
2025-01-23T17:32:39,96,1,4,96
2025-01-23T18:06:37,96,1,4,96
2025-01-23T18:40:35,96,1,4,96
2025-01-23T19:14:44,96,1,4,96
2025-01-23T19:48:44,96,1,4,96
2025-01-23T20:22:41,96,1,4,96
2025-01-23T20:56:38,96,1,4,96
2025-01-23T21:30:39,96,1,4,96
2025-01-23T22:04:45,96,1,4,96
2025-01-23T22:38:44,96,1,4,96
2025-01-23T23:12:41,96,1,4,96
2025-01-23T23:46:40,96,1,4,96
2025-01-24T00:20:41,96,1,4,96
2025-01-24T00:54:46,96,1,4,96
2025-01-24T01:28:58,96,1,4,96
2025-01-24T02:03:09,96,1,4,96
2025-01-24T02:37:27,96,1,4,96
2025-01-24T03:11:32,96,1,4,96
2025-01-24T03:45:35,96,1,4,96
2025-01-24T04:40:35,96,1,4,96
2025-01-24T05:14:41,96,1,4,96
2025-01-24T05:48:44,96,1,4,96
2025-01-24T06:22:49,96,1,4,96
2025-01-24T06:56:54,96,1,4,96
2025-01-24T07:31:00,96,1,4,96
2025-01-24T08:04:58,96,1,4,96
2025-01-24T08:39:01,96,1,4,96
2025-01-24T09:13:01,96,1,4,96
2025-01-24T09:47:06,96,1,4,96
2025-01-24T10:21:04,96,1,4,96
2025-01-24T10:55:04,96,1,4,96
2025-01-24T11:29:02,96,1,4,96
2025-01-24T12:03:09,96,1,4,96
2025-01-24T12:37:07,96,1,4,96
2025-01-24T13:11:05,96,1,4,96
2025-01-24T13:45:03,96,1,4,96
2025-01-24T14:19:10,96,1,4,96
2025-01-24T14:53:09,96,1,4,96
2025-01-24T15:27:17,96,1,4,96
2025-01-24T16:01:16,96,1,4,96
2025-01-24T16:35:16,96,1,4,96
2025-01-24T17:09:15,96,1,4,96
2025-01-24T17:43:23,96,1,4,96
2025-01-24T18:17:20,96,1,4,96
2025-01-24T18:51:18,96,1,4,96
2025-01-24T19:25:17,96,1,4,96
2025-01-24T19:59:16,96,1,4,96
2025-01-24T20:33:23,96,1,4,96
2025-01-24T21:07:23,96,1,4,96
2025-01-24T21:41:23,96,1,4,96
2025-01-24T22:15:21,96,1,4,96
2025-01-24T22:49:18,96,1,4,96
2025-01-24T23:23:18,96,1,4,96
2025-01-24T23:57:17,96,1,4,96
2025-01-25T00:31:31,96,1,4,96
2025-01-25T01:05:35,96,1,4,96
2025-01-25T01:39:38,96,1,4,96
2025-01-25T02:13:40,96,1,4,96
2025-01-25T02:47:40,96,1,4,96
2025-01-25T03:21:39,96,1,4,96
2025-01-25T03:56:26,96,1,4,96
2025-01-25T04:28:18,96,1,4,96
2025-01-25T05:02:24,96,1,4,96
2025-01-25T05:36:27,96,1,4,96
2025-01-25T06:10:33,96,1,4,96
2025-01-25T06:44:37,96,1,4,96
2025-01-25T07:18:41,96,1,4,96
2025-01-25T07:52:44,96,1,4,96
2025-01-25T08:26:59,96,1,4,96
2025-01-25T09:00:59,96,1,4,96
2025-01-25T09:34:58,96,1,4,96
2025-01-25T10:08:57,96,1,4,96
2025-01-25T10:42:56,96,1,4,96
2025-01-25T11:16:53,96,1,4,96
2025-01-25T11:50:59,96,1,4,96
2025-01-25T12:24:56,96,1,4,96
2025-01-25T12:58:53,96,1,4,96
2025-01-25T13:32:49,96,1,4,96
2025-01-25T14:06:47,96,1,4,96
2025-01-25T14:40:44,96,1,4,96
2025-01-25T15:14:43,96,1,4,96
2025-01-25T15:48:50,96,1,4,96
2025-01-25T16:22:48,96,1,4,96
2025-01-25T16:56:46,96,1,4,96
2025-01-25T17:30:45,96,1,4,96
2025-01-25T18:04:42,96,1,4,96
2025-01-25T18:38:50,96,1,4,96
2025-01-25T19:12:49,96,1,4,96
2025-01-25T19:46:47,96,1,4,96
2025-01-25T20:20:45,96,1,4,96
2025-01-25T20:55:00,96,1,4,96
2025-01-25T21:29:00,96,1,4,96
2025-01-25T22:03:00,96,1,4,96
2025-01-25T22:36:58,96,1,4,96
2025-01-25T23:10:59,96,1,4,96
2025-01-25T23:44:59,96,1,4,96
2025-01-26T00:19:00,96,1,4,96
2025-01-26T00:53:03,96,1,4,96
2025-01-26T01:27:10,96,1,4,96
2025-01-26T02:01:10,96,1,4,96
2025-01-26T02:35:08,96,1,4,96
2025-01-26T03:09:07,96,1,4,96
2025-01-26T03:43:20,96,1,4,96
2025-01-31T11:03:07,96,1,4,96
2025-01-31T11:37:07,96,1,4,96
2025-01-31T12:11:13,96,1,4,96
2025-01-31T12:45:10,96,1,4,96
